# Blender 4.4.1
# www.blender.org
mtllib Taal_Skydome.mtl
o Low_Orbit
v -0.000250 -1505.427124 148.271500
v -0.000100 -1397.563232 578.889343
v 0.000000 -1257.773682 840.417297
v 0.000300 -959.653992 1169.341675
v 0.000350 -840.417725 1257.773438
v 0.000425 -578.889709 1397.563354
v 0.000587 -295.115540 1483.645386
v 0.000593 -148.271896 1505.427368
v -0.000050 148.271301 1505.427368
v 0.000075 578.889343 1397.563354
v 0.000250 1257.773438 840.417847
v 0.000699 1397.562988 578.890015
v 0.000450 1483.644775 295.115845
v 0.000400 1505.427368 148.272324
v 0.000599 1447.574951 439.117401
v 0.000100 1334.091797 713.087769
v 0.000499 1169.341553 959.654419
v -0.000100 1069.647949 1069.649048
v -0.000100 959.653503 1169.342407
v -0.000225 840.417114 1257.774048
v 0.000375 713.086914 1334.092896
v 0.000250 439.116547 1447.574951
v 0.000237 295.114990 1483.645386
v 0.000179 -0.000402 1512.711670
v 0.000050 -439.117310 1447.574951
v 0.000000 -713.087463 1334.092407
v -0.000150 -1069.648926 1069.648193
v -0.000250 -1169.342041 959.653687
v -0.000200 -1334.092896 713.086914
v -0.000300 -1447.574829 439.116669
v -0.000200 -1483.645142 295.115112
v -0.000150 -1512.711304 -0.000517
v 0.000799 1512.711304 0.000406
v -28.926790 -1505.427368 145.422485
v -56.741573 -1505.427124 136.985092
v -82.375702 -1505.427368 123.283104
v -104.844376 -1505.427368 104.843651
v -123.283676 -1505.427368 82.374893
v -136.985565 -1505.427124 56.740814
v -145.423248 -1505.427124 28.926031
v -148.272339 -1505.427124 -0.000457
v -145.423157 -1505.427368 -28.926720
v -136.985519 -1505.427368 -56.741451
v -123.284027 -1505.427124 -82.375908
v -104.844376 -1505.427368 -104.844414
v -82.375801 -1505.427124 -123.283928
v -56.741676 -1505.427368 -136.985672
v -28.926790 -1505.427368 -145.423050
v -0.000350 -1505.427368 -148.272049
v 28.926092 -1505.427368 -145.423035
v 56.740826 -1505.427124 -136.985657
v 82.374954 -1505.427368 -123.283752
v 104.843628 -1505.427124 -104.844360
v 123.283226 -1505.427124 -82.375931
v 136.984818 -1505.427368 -56.741455
v 145.422699 -1505.427124 -28.926838
v 148.271393 -1505.427368 -0.000352
v 145.422699 -1505.427124 28.926025
v 136.985016 -1505.427124 56.740807
v 123.283081 -1505.427368 82.374878
v 104.843674 -1505.427124 104.843590
v 82.375099 -1505.427124 123.283112
v 56.740826 -1505.427124 136.984924
v 28.926142 -1505.427124 145.422424
v -57.574631 -1483.645142 289.444489
v -112.936340 -1483.645020 272.650909
v -163.957809 -1483.645142 245.379074
v -208.678436 -1483.645142 208.677750
v -245.379730 -1483.645142 163.956924
v -272.651550 -1483.644775 112.935410
v -289.445221 -1483.645142 57.573757
v -295.115967 -1483.645020 -0.000394
v -289.445221 -1483.645142 -57.574486
v -272.651398 -1483.645142 -112.936089
v -245.380035 -1483.644775 -163.957825
v -208.678436 -1483.645142 -208.678421
v -163.957703 -1483.645142 -245.379852
v -112.936241 -1483.645020 -272.651642
v -57.574532 -1483.645142 -289.445251
v -0.000350 -1483.644775 -295.115967
v 57.573830 -1483.645142 -289.445251
v 112.935539 -1483.644897 -272.651611
v 163.957001 -1483.645020 -245.379822
v 208.677780 -1483.645142 -208.678452
v 245.379227 -1483.644775 -163.957855
v 272.650635 -1483.645142 -112.936104
v 289.444427 -1483.644775 -57.574501
v 295.115234 -1483.644775 -0.000404
v 289.444580 -1483.645142 57.573746
v 272.650757 -1483.645264 112.935303
v 245.379135 -1483.645020 163.956848
v 208.678131 -1483.644775 208.677841
v 163.957062 -1483.645142 245.379074
v 112.935585 -1483.644775 272.650909
v 57.573830 -1483.645142 289.444489
v -85.667717 -1447.574707 430.679230
v -168.043121 -1447.574707 405.690918
v -243.960510 -1447.574707 365.112030
v -310.502869 -1447.574341 310.502319
v -365.112915 -1447.574341 243.959961
v -405.691742 -1447.574219 168.042450
v -430.679871 -1447.574707 85.667091
v -439.117615 -1447.574341 -0.000382
v -430.679779 -1447.574219 -85.667969
v -405.691559 -1447.574585 -168.043015
v -365.112762 -1447.574707 -243.960632
v -310.502991 -1447.574219 -310.502991
v -243.960648 -1447.573975 -365.112793
v -168.043274 -1447.574341 -405.691742
v -85.667816 -1447.574951 -430.679718
v -0.000350 -1447.574707 -439.117249
v 85.667168 -1447.574341 -430.679871
v 168.042465 -1447.574829 -405.691528
v 243.960052 -1447.574341 -365.112823
v 310.502319 -1447.574463 -310.502991
v 365.112213 -1447.574341 -243.960922
v 405.690796 -1447.574829 -168.043106
v 430.679077 -1447.574951 -85.667870
v 439.116852 -1447.574463 -0.000396
v 430.679260 -1447.574585 85.667084
v 405.691010 -1447.574463 168.042496
v 365.112427 -1447.574463 243.959930
v 310.502258 -1447.574951 310.502197
v 243.960052 -1447.574463 365.112030
v 168.042572 -1447.574463 405.690887
v 85.667267 -1447.574341 430.679230
v -112.936241 -1397.563110 567.766052
v -221.532028 -1397.563110 534.823975
v -321.614227 -1397.563110 481.328674
v -409.337036 -1397.563354 409.336517
v -481.329590 -1397.562988 321.613373
v -534.824646 -1397.563232 221.530991
v -567.766785 -1397.562988 112.935211
v -578.890137 -1397.562866 -0.000421
v -567.766846 -1397.562988 -112.935951
v -534.824768 -1397.563110 -221.531693
v -481.329498 -1397.562866 -321.614380
v -409.337219 -1397.563110 -409.337067
v -321.614166 -1397.563110 -481.329498
v -221.531738 -1397.562988 -534.824585
v -112.936089 -1397.562866 -567.766907
v -0.000350 -1397.562988 -578.889954
v 112.935387 -1397.562988 -567.766846
v 221.531189 -1397.563232 -534.824646
v 321.613220 -1397.563232 -481.329529
v 409.336548 -1397.563354 -409.337158
v 481.328827 -1397.563232 -321.614166
v 534.823975 -1397.563232 -221.531815
v 567.765869 -1397.563354 -112.936104
v 578.889343 -1397.563354 -0.000330
v 567.766113 -1397.563354 112.935249
v 534.824097 -1397.563354 221.530960
v 481.328674 -1397.563354 321.613586
v 409.336426 -1397.563354 409.336304
v 321.613678 -1397.563354 481.328644
v 221.531235 -1397.563354 534.823853
v 112.935692 -1397.563354 567.766052
v -139.117081 -1334.092163 699.385376
v -272.887054 -1334.092529 658.806580
v -396.170532 -1334.092407 592.910339
v -504.229095 -1334.092529 504.228394
v -592.910889 -1334.092163 396.169617
v -658.807129 -1334.091919 272.886261
v -699.385925 -1334.091797 139.115997
v -713.087769 -1334.091919 -0.000402
v -699.385864 -1334.091919 -139.116882
v -658.807068 -1334.092407 -272.886932
v -592.910706 -1334.092407 -396.170319
v -504.229187 -1334.092529 -504.229095
v -396.170380 -1334.092407 -592.910706
v -272.887085 -1334.091797 -658.807068
v -139.116730 -1334.092285 -699.385925
v -0.000200 -1334.091919 -713.087708
v 139.116074 -1334.091919 -699.385925
v 272.886383 -1334.091919 -658.807251
v 396.169678 -1334.091919 -592.911011
v 504.228394 -1334.092773 -504.229156
v 592.909912 -1334.092407 -396.170380
v 658.806519 -1334.092407 -272.887115
v 699.385376 -1334.092407 -139.116821
v 713.087158 -1334.092407 -0.000425
v 699.385376 -1334.092407 139.115967
v 658.806396 -1334.092773 272.886169
v 592.910278 -1334.092407 396.169586
v 504.228607 -1334.092529 504.228485
v 396.170074 -1334.092529 592.910034
v 272.886383 -1334.092529 658.806396
v 139.116272 -1334.092529 699.385559
v -163.957748 -1257.773438 824.268738
v -321.614166 -1257.773926 776.444214
v -466.911560 -1257.773438 698.781372
v -594.265320 -1257.773438 594.264709
v -698.781921 -1257.773682 466.910431
v -776.444702 -1257.773682 321.613586
v -824.269287 -1257.773438 163.957153
v -840.418152 -1257.773438 -0.000434
v -824.269348 -1257.773438 -163.957626
v -776.445007 -1257.773682 -321.614136
v -698.781799 -1257.773438 -466.911469
v -594.264893 -1257.773315 -594.265076
v -466.911377 -1257.773193 -698.781921
v -321.613983 -1257.773438 -776.444702
v -163.957397 -1257.773438 -824.269287
v -0.000300 -1257.773071 -840.417847
v 163.957001 -1257.773438 -824.269470
v 321.613464 -1257.773438 -776.444885
v 466.910706 -1257.773438 -698.781921
v 594.264587 -1257.773682 -594.265137
v 698.781006 -1257.773682 -466.911530
v 776.444214 -1257.773926 -321.614105
v 824.268921 -1257.773926 -163.957642
v 840.417419 -1257.773560 -0.000462
v 824.268860 -1257.773926 163.956970
v 776.444336 -1257.774048 321.613312
v 698.781616 -1257.773682 466.910461
v 594.264709 -1257.773926 594.264771
v 466.910706 -1257.773804 698.781494
v 321.613831 -1257.773560 776.444214
v 163.957199 -1257.773926 824.268921
v -187.219879 -1169.341797 941.214294
v -367.244293 -1169.341675 886.604553
v -533.155640 -1169.341797 797.922852
v -678.578369 -1169.341431 678.577576
v -797.923645 -1169.341675 533.154541
v -886.604919 -1169.341797 367.243378
v -941.214783 -1169.341675 187.218933
v -959.654419 -1169.341309 -0.000408
v -941.214722 -1169.341431 -187.219498
v -886.605042 -1169.341431 -367.244110
v -797.923340 -1169.341675 -533.155396
v -678.578003 -1169.341309 -678.578369
v -533.155457 -1169.341675 -797.923279
v -367.243805 -1169.341553 -886.605042
v -187.219635 -1169.341553 -941.214905
v -0.000250 -1169.341675 -959.654297
v 187.218979 -1169.341309 -941.214905
v 367.243378 -1169.341675 -886.605103
v 533.154907 -1169.341797 -797.923401
v 678.577576 -1169.341553 -678.578186
v 797.922729 -1169.341919 -533.155457
v 886.604309 -1169.341675 -367.244110
v 941.214172 -1169.341797 -187.219666
v 959.653992 -1169.342041 -0.000165
v 941.214172 -1169.341797 187.218689
v 886.604431 -1169.342041 367.243378
v 797.923157 -1169.341919 533.154724
v 678.577454 -1169.342163 678.577515
v 533.154968 -1169.342163 797.923096
v 367.243591 -1169.342041 886.604431
v 187.219421 -1169.341797 941.214294
v -208.678329 -1069.648682 1049.095459
v -409.337341 -1069.648438 988.226013
v -594.265137 -1069.648438 889.380249
v -756.356201 -1069.648193 756.355347
v -889.380859 -1069.648193 594.264343
v -988.226746 -1069.648438 409.336670
v -1049.095947 -1069.648193 208.677582
v -1069.648804 -1069.648071 -0.000435
v -1049.096069 -1069.648315 -208.678116
v -988.226746 -1069.647949 -409.337097
v -889.380432 -1069.647949 -594.265320
v -756.356018 -1069.647949 -756.355957
v -594.264893 -1069.648071 -889.380554
v -409.337036 -1069.647949 -988.226746
v -208.678406 -1069.647949 -1049.095825
v -0.000200 -1069.647949 -1069.648926
v 208.677841 -1069.648071 -1049.095825
v 409.336395 -1069.648071 -988.226929
v 594.264648 -1069.648071 -889.380432
v 756.355591 -1069.648438 -756.355957
v 889.379761 -1069.648315 -594.265442
v 988.226135 -1069.648438 -409.337189
v 1049.095215 -1069.648438 -208.678528
v 1069.648193 -1069.648560 -0.000746
v 1049.095215 -1069.648560 208.677567
v 988.226196 -1069.648682 409.336151
v 889.380249 -1069.648682 594.264343
v 756.355530 -1069.648682 756.355286
v 594.264832 -1069.648682 889.379944
v 409.336823 -1069.648682 988.225830
v 208.677841 -1069.648804 1049.095459
v -228.127380 -959.654175 1146.873291
v -447.488007 -959.653992 1080.330688
v -649.652161 -959.653809 972.271851
v -826.849731 -959.653870 826.849365
v -972.272644 -959.653625 649.651001
v -1080.331177 -959.653625 447.487579
v -1146.873413 -959.653503 228.126785
v -1169.341919 -959.653503 -0.000404
v -1146.873535 -959.653625 -228.127533
v -1080.331177 -959.653625 -447.488129
v -972.272034 -959.653320 -649.651855
v -826.849548 -959.653381 -826.849854
v -649.651550 -959.653625 -972.272522
v -447.488068 -959.653625 -1080.331299
v -228.127380 -959.653687 -1146.873535
v -0.000300 -959.653625 -1169.342285
v 228.126953 -959.653809 -1146.873657
v 447.487732 -959.653809 -1080.331177
v 649.651245 -959.653809 -972.272522
v 826.849182 -959.653687 -826.850037
v 972.272034 -959.654114 -649.651978
v 1080.330688 -959.653870 -447.488129
v 1146.872925 -959.653870 -228.127701
v 1169.341675 -959.653992 -0.000443
v 1146.873047 -959.654114 228.126755
v 1080.330933 -959.654297 447.487518
v 972.272217 -959.654297 649.650940
v 826.849365 -959.654419 826.849304
v 649.651672 -959.654175 972.271851
v 447.487915 -959.654114 1080.330566
v 228.127106 -959.654419 1146.873291
v -245.379547 -840.417847 1233.605835
v -481.329681 -840.417419 1162.031128
v -698.781677 -840.417725 1045.800537
v -889.380249 -840.417419 889.380127
v -1045.800903 -840.417419 698.781494
v -1162.031494 -840.416931 481.328674
v -1233.606079 -840.416809 245.378983
v -1257.773926 -840.416992 -0.000370
v -1233.605835 -840.417236 -245.379608
v -1162.031494 -840.417114 -481.329346
v -1045.800537 -840.416626 -698.781921
v -889.380432 -840.417114 -889.380371
v -698.781860 -840.417114 -1045.800659
v -481.329224 -840.416809 -1162.031494
v -245.379700 -840.416809 -1233.606079
v -0.000225 -840.417297 -1257.773682
v 245.379272 -840.417236 -1233.606079
v 481.328888 -840.416809 -1162.031494
v 698.781372 -840.417419 -1045.800659
v 889.379944 -840.417542 -889.380432
v 1045.800293 -840.417236 -698.781921
v 1162.031128 -840.417725 -481.329285
v 1233.605591 -840.417847 -245.379883
v 1257.773438 -840.417908 -0.000026
v 1233.605713 -840.417603 245.378937
v 1162.031250 -840.418030 481.328949
v 1045.800293 -840.417908 698.781250
v 889.379944 -840.418030 889.380066
v 698.781372 -840.417847 1045.800415
v 481.328979 -840.418030 1162.031128
v 245.379349 -840.418030 1233.605835
v -260.269196 -713.087341 1308.458008
v -510.535339 -713.087463 1232.540649
v -741.182251 -713.087341 1109.257324
v -943.346191 -713.087097 943.345520
v -1109.257812 -713.086914 741.181641
v -1232.540771 -713.087219 510.534912
v -1308.458130 -713.087036 260.268341
v -1334.092773 -713.086670 -0.000390
v -1308.458496 -713.086914 -260.268890
v -1232.540894 -713.086914 -510.535217
v -1109.257324 -713.086914 -741.182251
v -943.346130 -713.086914 -943.346008
v -741.181946 -713.086792 -1109.257568
v -510.535431 -713.086853 -1232.540894
v -260.268707 -713.086792 -1308.458618
v -0.000175 -713.086975 -1334.092651
v 260.268280 -713.086853 -1308.458618
v 510.534821 -713.087158 -1232.541016
v 741.181885 -713.086914 -1109.257690
v 943.345398 -713.087158 -943.346313
v 1109.257080 -713.087463 -741.182434
v 1232.540527 -713.087402 -510.535217
v 1308.457764 -713.087341 -260.268921
v 1334.091919 -713.087341 -0.000434
v 1308.457886 -713.087646 260.268280
v 1232.540649 -713.087769 510.535126
v 1109.257080 -713.087341 741.181702
v 943.345703 -713.087708 943.345520
v 741.181824 -713.087769 1109.257324
v 510.535065 -713.087769 1232.540527
v 260.269043 -713.087524 1308.457886
v -272.651764 -578.889832 1370.709351
v -534.824768 -578.889648 1291.179810
v -776.444641 -578.889648 1162.031128
v -988.226624 -578.889404 988.226135
v -1162.031494 -578.889221 776.444092
v -1291.180176 -578.889160 534.823669
v -1370.709595 -578.889465 272.651001
v -1397.563354 -578.889343 -0.000353
v -1370.709717 -578.888977 -272.651337
v -1291.180054 -578.888855 -534.824524
v -1162.031250 -578.889038 -776.444702
v -988.226746 -578.889038 -988.226318
v -776.444458 -578.888733 -1162.031372
v -534.824280 -578.889282 -1291.180176
v -272.651337 -578.889343 -1370.709595
v -0.000125 -578.889038 -1397.563354
v 272.651154 -578.889404 -1370.709473
v 534.823975 -578.889343 -1291.180298
v 776.444031 -578.889160 -1162.031738
v 988.226196 -578.889709 -988.226501
v 1162.031006 -578.889709 -776.444580
v 1291.179932 -578.889832 -534.824463
v 1370.709229 -578.889709 -272.651459
v 1397.563232 -578.890198 -0.000399
v 1370.709351 -578.890137 272.650574
v 1291.179932 -578.889709 534.823730
v 1162.031494 -578.889893 776.444031
v 988.226196 -578.890198 988.226318
v 776.444275 -578.890198 1162.031250
v 534.824524 -578.889832 1291.179810
v 272.651642 -578.889954 1370.709473
v -282.408173 -439.117310 1419.759644
v -553.963318 -439.116974 1337.384521
v -804.229553 -439.117157 1203.614136
v -1023.589966 -439.116913 1023.589966
v -1203.614380 -439.116974 804.229248
v -1337.384766 -439.116669 553.962280
v -1419.760010 -439.116699 282.407959
v -1447.574829 -439.116547 -0.000314
v -1419.760010 -439.116364 -282.408234
v -1337.384766 -439.116547 -553.962952
v -1203.614502 -439.116608 -804.229431
v -1023.589722 -439.116302 -1023.590149
v -804.229309 -439.116455 -1203.614502
v -553.962830 -439.116608 -1337.384766
v -282.407684 -439.116364 -1419.760010
v -0.000050 -439.116760 -1447.574585
v 282.407684 -439.116760 -1419.760010
v 553.962891 -439.116608 -1337.384644
v 804.229309 -439.116821 -1203.614624
v 1023.589417 -439.117004 -1023.589966
v 1203.614014 -439.117004 -804.229675
v 1337.384277 -439.117218 -553.962952
v 1419.759766 -439.117096 -282.408173
v 1447.574585 -439.117249 -0.000362
v 1419.759644 -439.117310 282.407318
v 1337.384644 -439.117401 553.962341
v 1203.614258 -439.117523 804.229065
v 1023.589661 -439.117310 1023.589722
v 804.229370 -439.117523 1203.613892
v 553.962769 -439.117371 1337.384277
v 282.408356 -439.117218 1419.759766
v -289.445526 -295.115601 1455.137329
v -567.766846 -295.115417 1370.709229
v -824.269287 -295.115448 1233.606079
v -1049.095581 -295.115356 1049.095703
v -1233.606201 -295.115265 824.268677
v -1370.709473 -295.115112 567.766541
v -1455.137329 -295.115082 289.444794
v -1483.644897 -295.114777 -0.000275
v -1455.137329 -295.114868 -289.444885
v -1370.709351 -295.114777 -567.766602
v -1233.606079 -295.114838 -824.269104
v -1049.095703 -295.114838 -1049.095459
v -824.269226 -295.114868 -1233.606079
v -567.766541 -295.114929 -1370.709473
v -289.444794 -295.114746 -1455.137329
v -0.000087 -295.115082 -1483.645020
v 289.444824 -295.114838 -1455.137329
v 567.766235 -295.115234 -1370.709595
v 824.268982 -295.115021 -1233.605957
v 1049.095215 -295.115295 -1049.095825
v 1233.605713 -295.115540 -824.269165
v 1370.708984 -295.115387 -567.766846
v 1455.136963 -295.115417 -289.444855
v 1483.644775 -295.115417 -0.000490
v 1455.136963 -295.115814 289.444763
v 1370.709473 -295.115662 567.765930
v 1233.606079 -295.115936 824.268555
v 1049.095337 -295.115936 1049.095459
v 824.268799 -295.115936 1233.605713
v 567.766724 -295.115692 1370.708984
v 289.445435 -295.115662 1455.137329
v -293.694611 -148.271820 1476.501099
v -576.102112 -148.271973 1390.833496
v -836.371094 -148.271744 1251.717041
v -1064.498169 -148.271652 1064.497681
v -1251.717041 -148.271500 836.370178
v -1390.833374 -148.271454 576.101746
v -1476.501099 -148.271393 293.694550
v -1505.427124 -148.271454 -0.000235
v -1476.500977 -148.271347 -293.694519
v -1390.833618 -148.271103 -576.101746
v -1251.717163 -148.271103 -836.370544
v -1064.497803 -148.271149 -1064.497681
v -836.370483 -148.270996 -1251.717041
v -576.101990 -148.271149 -1390.833496
v -293.694397 -148.271011 -1476.500854
v -0.000037 -148.271072 -1505.427368
v 293.694305 -148.271332 -1476.501099
v 576.101807 -148.271469 -1390.833862
v 836.370544 -148.271393 -1251.717285
v 1064.497803 -148.271698 -1064.497803
v 1251.717163 -148.271851 -836.370605
v 1390.833374 -148.271744 -576.102295
v 1476.500854 -148.272049 -293.694580
v 1505.427124 -148.272095 -0.000285
v 1476.500977 -148.272247 293.693878
v 1390.833618 -148.272141 576.102051
v 1251.717163 -148.272339 836.370117
v 1064.498047 -148.272202 1064.497681
v 836.370789 -148.272018 1251.716797
v 576.102112 -148.272247 1390.833252
v 293.694275 -148.272171 1476.501221
v -295.115295 -0.000387 1483.645386
v -578.889648 -0.000175 1397.563232
v -840.417419 -0.000075 1257.773926
v -1069.648438 -0.000150 1069.648682
v -1257.773926 0.000050 840.417236
v -1397.562988 0.000300 578.889771
v -1483.645264 0.000150 295.115662
v -1512.711670 0.000450 -0.000195
v -1483.645386 0.000599 -295.115204
v -1397.563232 0.000499 -578.889587
v -1257.773682 0.000549 -840.417297
v -1069.648560 0.000599 -1069.648560
v -840.417542 0.000549 -1257.773682
v -578.889709 0.000499 -1397.563232
v -295.115021 0.000549 -1483.645020
v 0.000138 0.000340 -1512.711548
v 295.115112 0.000337 -1483.645020
v 578.889648 0.000175 -1397.563477
v 840.417725 0.000100 -1257.773438
v 1069.648438 -0.000050 -1069.648682
v 1257.773560 -0.000200 -840.417542
v 1397.563354 -0.000200 -578.889282
v 1483.645386 -0.000300 -295.115601
v 1512.711670 -0.000450 -0.000246
v 1483.645142 -0.000499 295.115601
v 1397.563232 -0.000649 578.889709
v 1257.774048 -0.000649 840.417114
v 1069.648438 -0.000699 1069.648560
v 840.417297 -0.000474 1257.773804
v 578.889709 -0.000599 1397.563232
v 295.115387 -0.000474 1483.645386
v -293.694214 148.271301 1476.501221
v -576.102112 148.271469 1390.833496
v -836.370850 148.271515 1251.717041
v -1064.498169 148.271652 1064.497681
v -1251.717285 148.271790 836.370239
v -1390.833374 148.271790 576.101868
v -1476.500854 148.272049 293.694458
v -1505.427124 148.272095 -0.000321
v -1476.500977 148.272247 -293.694397
v -1390.833374 148.272202 -576.101990
v -1251.717041 148.272049 -836.370544
v -1064.497925 148.272202 -1064.497681
v -836.370239 148.272217 -1251.717041
v -576.101929 148.272049 -1390.833496
v -293.694122 148.272202 -1476.501099
v 0.000025 148.271881 -1505.427368
v 293.694366 148.271942 -1476.501099
v 576.102051 148.271973 -1390.833496
v 836.370422 148.271744 -1251.717163
v 1064.497681 148.271744 -1064.498169
v 1251.717041 148.271591 -836.370483
v 1390.833374 148.271347 -576.102234
v 1476.501099 148.271194 -293.694275
v 1505.427124 148.271347 -0.000206
v 1476.500854 148.271240 293.693970
v 1390.833618 148.271149 576.101807
v 1251.717163 148.271149 836.370544
v 1064.498169 148.271103 1064.497681
v 836.370483 148.271027 1251.717163
v 576.102112 148.271103 1390.833252
v 293.694366 148.271240 1476.501221
v -289.445312 295.114899 1455.137329
v -567.766785 295.115082 1370.709351
v -824.268982 295.115295 1233.606201
v -1049.095581 295.115387 1049.095459
v -1233.605835 295.115540 824.268738
v -1370.709229 295.115417 567.766174
v -1455.137329 295.115631 289.445129
v -1483.645142 295.115631 -0.000282
v -1455.137207 295.115784 -289.445099
v -1370.709473 295.115662 -567.766602
v -1233.605591 295.115936 -824.269104
v -1049.095581 295.115845 -1049.095215
v -824.268982 295.115814 -1233.605713
v -567.766296 295.115936 -1370.709351
v -289.444977 295.115723 -1455.137329
v 0.000062 295.115723 -1483.645264
v 289.445099 295.115631 -1455.137329
v 567.766418 295.115631 -1370.709595
v 824.269287 295.115448 -1233.605957
v 1049.095581 295.115356 -1049.095703
v 1233.606079 295.115265 -824.268982
v 1370.709351 295.115112 -567.766541
v 1455.137329 295.114990 -289.444946
v 1483.645386 295.114716 -0.000331
v 1455.137329 295.114868 289.444885
v 1370.709473 295.114990 567.766113
v 1233.605835 295.114990 824.269104
v 1049.095703 295.114838 1049.095703
v 824.269043 295.114929 1233.606079
v 567.766785 295.114746 1370.709106
v 289.445251 295.114990 1455.137329
v -282.407684 439.116699 1419.760254
v -553.962769 439.116760 1337.384644
v -804.229309 439.116821 1203.614380
v -1023.589844 439.117004 1023.590027
v -1203.613892 439.117096 804.229797
v -1337.384277 439.117004 553.962524
v -1419.759521 439.117218 282.407990
v -1447.574463 439.117218 0.000252
v -1419.759644 439.117310 -282.407318
v -1337.384644 439.117401 -553.962341
v -1203.614014 439.117310 -804.229492
v -1023.589539 439.117554 -1023.589966
v -804.229309 439.117401 -1203.614136
v -553.962524 439.117371 -1337.384277
v -282.407227 439.117157 -1419.760010
v -0.000025 439.117371 -1447.574585
v 282.407715 439.117218 -1419.759888
v 553.962585 439.117065 -1337.384766
v 804.229492 439.117004 -1203.614136
v 1023.589966 439.116913 -1023.589844
v 1203.613892 439.116821 -804.229614
v 1337.384399 439.116821 -553.962646
v 1419.760132 439.116516 -282.407898
v 1447.574707 439.116547 -0.000126
v 1419.760010 439.116516 282.407593
v 1337.385010 439.116547 553.962585
v 1203.614502 439.116608 804.229370
v 1023.590027 439.116608 1023.589966
v 804.229858 439.116425 1203.614136
v 553.963013 439.116455 1337.384399
v 282.407928 439.116516 1419.760376
v -272.651520 578.889282 1370.709473
v -534.824524 578.889343 1291.180176
v -776.444885 578.889465 1162.031372
v -988.226318 578.889648 988.226624
v -1162.031372 578.889648 776.444275
v -1291.180054 578.889648 534.824219
v -1370.709229 578.889526 272.650940
v -1397.562866 578.890015 -0.000207
v -1370.709229 578.890015 -272.650848
v -1291.179932 578.889954 -534.824097
v -1162.031128 578.890015 -776.444336
v -988.226440 578.890015 -988.226135
v -776.444275 578.889832 -1162.031128
v -534.824036 578.890076 -1291.179932
v -272.651062 578.890076 -1370.709473
v 0.000300 578.890015 -1397.563354
v 272.651123 578.889648 -1370.709351
v 534.824219 578.889771 -1291.180176
v 776.444336 578.889526 -1162.031250
v 988.226318 578.889709 -988.226501
v 1162.031250 578.889343 -776.444580
v 1291.180176 578.889404 -534.824036
v 1370.709595 578.889221 -272.651154
v 1397.563232 578.889221 -0.000088
v 1370.709717 578.888977 272.650848
v 1291.180176 578.889221 534.824524
v 1162.031616 578.889160 776.444153
v 988.226501 578.889221 988.226501
v 776.445068 578.888855 1162.031250
v 534.824463 578.889160 1291.180054
v 272.651489 578.889160 1370.709595
v -260.268890 713.086731 1308.458374
v -510.535187 713.086853 1232.540771
v -741.181946 713.087097 1109.257812
v -943.345825 713.087097 943.345825
v -1109.257324 713.087158 741.182007
v -1232.540649 713.087341 510.535370
v -1308.457886 713.087646 260.268433
v -1334.092407 713.087341 -0.000117
v -1308.458008 713.087524 -260.268494
v -1232.540527 713.087524 -510.535217
v -1109.257080 713.087646 -741.181702
v -943.345398 713.087646 -943.345581
v -741.181885 713.087708 -1109.257324
v -510.534821 713.087524 -1232.540283
v -260.268555 713.087830 -1308.457886
v 0.000150 713.087463 -1334.092285
v 260.268677 713.087402 -1308.458008
v 510.535370 713.087341 -1232.540283
v 741.182068 713.087158 -1109.257324
v 943.345825 713.087097 -943.345825
v 1109.257568 713.087219 -741.182129
v 1232.540649 713.086853 -510.535187
v 1308.458130 713.086853 -260.268555
v 1334.092773 713.086853 -0.000051
v 1308.458374 713.087036 260.268707
v 1232.540894 713.086487 510.535339
v 1109.257568 713.086731 741.181946
v 943.346313 713.086670 943.345703
v 741.182373 713.086731 1109.257812
v 510.535675 713.086731 1232.540771
v 260.269348 713.086670 1308.458252
v -245.379181 840.417114 1233.606445
v -481.329346 840.416931 1162.031494
v -698.781677 840.417419 1045.800659
v -889.380066 840.417419 889.380432
v -1045.800293 840.417603 698.782043
v -1162.031006 840.417725 481.329071
v -1233.606079 840.417419 245.379501
v -1257.773682 840.417725 0.000081
v -1233.605591 840.417847 -245.379532
v -1162.031250 840.418152 -481.328827
v -1045.800049 840.417847 -698.781555
v -889.379944 840.418030 -889.380066
v -698.781433 840.418152 -1045.800415
v -481.328674 840.417847 -1162.031250
v -245.379105 840.417847 -1233.605713
v 0.000050 840.417847 -1257.773438
v 245.379501 840.417908 -1233.605713
v 481.329193 840.417542 -1162.031250
v 698.781799 840.417603 -1045.800415
v 889.380371 840.417419 -889.380066
v 1045.800659 840.417297 -698.781677
v 1162.031250 840.417236 -481.328827
v 1233.605957 840.417114 -245.379181
v 1257.773926 840.417419 0.000315
v 1233.606079 840.416992 245.379410
v 1162.031616 840.416992 481.329376
v 1045.800659 840.417114 698.781799
v 889.380676 840.416809 889.380127
v 698.782227 840.416748 1045.800537
v 481.329376 840.417114 1162.031494
v 245.379684 840.417236 1233.606323
v -228.126953 959.653809 1146.873901
v -447.487610 959.653809 1080.331299
v -649.651611 959.653809 972.272522
v -826.849670 959.653687 826.849792
v -972.272156 959.653687 649.651550
v -1080.330933 959.654175 447.488129
v -1146.873169 959.654114 228.127350
v -1169.341675 959.653992 0.000002
v -1146.873047 959.654480 -228.126709
v -1080.330688 959.654297 -447.487366
v -972.272034 959.654480 -649.651184
v -826.849365 959.654419 -826.849182
v -649.651123 959.654419 -972.272034
v -447.487518 959.654419 -1080.330566
v -228.126923 959.654419 -1146.872925
v 0.000300 959.654297 -1169.341553
v 228.127502 959.653870 -1146.872803
v 447.487976 959.654114 -1080.330811
v 649.651733 959.653809 -972.271851
v 826.849487 959.653687 -826.849365
v 972.272522 959.654114 -649.651489
v 1080.331055 959.653687 -447.487671
v 1146.873535 959.653687 -228.127029
v 1169.341919 959.653503 0.000073
v 1146.873413 959.653503 228.127274
v 1080.331177 959.653625 447.487732
v 972.272522 959.653198 649.651428
v 826.849792 959.653687 826.849854
v 649.651978 959.653381 972.272461
v 447.488007 959.653503 1080.331177
v 228.127625 959.653625 1146.873901
v -208.677689 1069.648315 1049.096069
v -409.336792 1069.647949 988.226929
v -594.264709 1069.648438 889.380554
v -756.355591 1069.648315 756.355957
v -889.380127 1069.648438 594.265015
v -988.226196 1069.648804 409.337250
v -1049.095337 1069.648438 208.678131
v -1069.648193 1069.648560 0.000030
v -1049.095337 1069.648804 -208.677780
v -988.226196 1069.648682 -409.336639
v -889.379761 1069.648682 -594.264709
v -756.355469 1069.648804 -756.355408
v -594.264648 1069.648926 -889.380127
v -409.336334 1069.648682 -988.226013
v -208.677887 1069.648560 -1049.095215
v 0.000250 1069.648682 -1069.648315
v 208.678482 1069.648438 -1049.095215
v 409.336914 1069.648438 -988.226135
v 594.265198 1069.648560 -889.380066
v 756.356140 1069.648438 -756.355469
v 889.380371 1069.648193 -594.264771
v 988.226501 1069.648071 -409.336578
v 1049.095947 1069.648071 -208.677994
v 1069.648804 1069.648071 -0.000006
v 1049.096069 1069.648315 208.678177
v 988.226807 1069.648315 409.337097
v 889.380737 1069.648071 594.264954
v 756.356201 1069.647949 756.355957
v 594.265076 1069.648193 889.380737
v 409.337463 1069.647949 988.226746
v 208.678360 1069.648193 1049.096069
v -187.218933 1169.341675 941.215210
v -367.243530 1169.341553 886.605225
v -533.154968 1169.341675 797.923706
v -678.577698 1169.341553 678.578186
v -797.922974 1169.341919 533.155273
v -886.604248 1169.341797 367.243988
v -941.214294 1169.341553 187.219345
v -959.653687 1169.341797 0.000220
v -941.214417 1169.342041 -187.218887
v -886.604431 1169.341919 -367.243500
v -797.922852 1169.342041 -533.154846
v -678.577454 1169.342163 -678.577515
v -533.154846 1169.342163 -797.922852
v -367.243317 1169.342041 -886.604309
v -187.218933 1169.342041 -941.214172
v 0.000250 1169.342041 -959.653687
v 187.219574 1169.341797 -941.214172
v 367.244019 1169.341919 -886.604553
v 533.155334 1169.341797 -797.922974
v 678.578308 1169.341797 -678.577393
v 797.923645 1169.341675 -533.154968
v 886.604858 1169.341309 -367.243591
v 941.214783 1169.341309 -187.219040
v 959.654419 1169.341675 0.000353
v 941.214783 1169.341309 187.219330
v 886.605225 1169.341309 367.243866
v 797.923523 1169.341431 533.155518
v 678.578186 1169.341431 678.578369
v 533.155518 1169.341309 797.923523
v 367.244019 1169.341431 886.605103
v 187.219971 1169.341309 941.214966
v -163.957153 1257.773193 824.269287
v -321.613617 1257.773071 776.444824
v -466.911072 1257.773438 698.781921
v -594.264648 1257.773438 594.265442
v -698.781494 1257.773926 466.911072
v -776.444336 1257.773438 321.614044
v -824.268921 1257.773926 163.957504
v -840.417114 1257.774048 0.000242
v -824.268860 1257.773926 -163.956955
v -776.444397 1257.773560 -321.613678
v -698.781494 1257.773804 -466.910614
v -594.264587 1257.774048 -594.264526
v -466.910828 1257.773682 -698.781372
v -321.613678 1257.773804 -776.444336
v -163.957108 1257.773804 -824.268982
v 0.000450 1257.773682 -840.417114
v 163.957855 1257.773438 -824.268982
v 321.614166 1257.773682 -776.444580
v 466.911255 1257.773438 -698.781433
v 594.265137 1257.773315 -594.264771
v 698.781921 1257.773438 -466.910858
v 776.444641 1257.773315 -321.613464
v 824.269348 1257.773438 -163.956970
v 840.418152 1257.773438 0.000159
v 824.269348 1257.773438 163.957642
v 776.444946 1257.773071 321.614044
v 698.782227 1257.773193 466.911102
v 594.265137 1257.773071 594.265442
v 466.911560 1257.773193 698.781921
v 321.614410 1257.773071 776.444824
v 163.957703 1257.773315 824.269775
v -139.116333 1334.092041 699.385925
v -272.886597 1334.092163 658.807251
v -396.170074 1334.092041 592.910950
v -504.228699 1334.092163 504.229309
v -592.910156 1334.092163 396.170380
v -658.806641 1334.092407 272.886963
v -699.385376 1334.092407 139.116730
v -713.087158 1334.092407 0.000205
v -699.385254 1334.092407 -139.116226
v -658.806519 1334.092651 -272.886292
v -592.909973 1334.092285 -396.169861
v -504.228394 1334.092407 -504.228638
v -396.169678 1334.092896 -592.909851
v -272.886383 1334.092529 -658.806335
v -139.116226 1334.092651 -699.385376
v 0.000350 1334.092529 -713.087219
v 139.116821 1334.092285 -699.385376
v 272.887085 1334.092285 -658.806641
v 396.170410 1334.092285 -592.910278
v 504.229187 1334.092163 -504.228638
v 592.910767 1334.092041 -396.169861
v 658.807007 1334.092407 -272.886292
v 699.385864 1334.092407 -139.116058
v 713.087769 1334.091919 0.000292
v 699.385925 1334.091797 139.116684
v 658.807251 1334.092163 272.887054
v 592.911011 1334.091797 396.170319
v 504.229431 1334.092041 504.229309
v 396.170776 1334.091919 592.910828
v 272.887146 1334.092163 658.806946
v 139.116821 1334.092163 699.386169
v -112.935242 1397.563232 567.766846
v -221.531281 1397.562988 534.824768
v -321.613464 1397.563110 481.329437
v -409.336426 1397.563232 409.337250
v -481.329041 1397.563110 321.614166
v -534.823975 1397.563232 221.531738
v -567.765991 1397.563354 112.936249
v -578.889465 1397.563232 0.000330
v -567.765991 1397.563354 -112.935410
v -534.824097 1397.563354 -221.530914
v -481.328827 1397.563232 -321.613525
v -409.336395 1397.563354 -409.336304
v -321.613586 1397.563354 -481.328735
v -221.531036 1397.563354 -534.823853
v -112.935539 1397.563354 -567.765991
v 0.000300 1397.563354 -578.889404
v 112.936241 1397.563110 -567.766113
v 221.531830 1397.562988 -534.823853
v 321.614136 1397.563232 -481.328735
v 409.337128 1397.563232 -409.336395
v 481.329376 1397.562988 -321.613342
v 534.824646 1397.563232 -221.531036
v 567.766846 1397.562988 -112.935600
v 578.890015 1397.562866 0.000421
v 567.766724 1397.562988 112.936111
v 534.824768 1397.563110 221.531738
v 481.329529 1397.562988 321.614197
v 409.337585 1397.562988 409.337189
v 321.614227 1397.562988 481.329529
v 221.531982 1397.562988 534.824585
v 112.936386 1397.562866 567.766785
v -85.667168 1447.574341 430.679932
v -168.042618 1447.574341 405.691803
v -243.960052 1447.574341 365.112823
v -310.502319 1447.574341 310.503113
v -365.112213 1447.574341 243.960785
v -405.691040 1447.574463 168.043228
v -430.679077 1447.574951 85.667763
v -439.116547 1447.574951 0.000396
v -430.679169 1447.574463 -85.667191
v -405.690735 1447.574951 -168.042313
v -365.112030 1447.574951 -243.959885
v -310.502411 1447.574463 -310.502411
v -243.959808 1447.574951 -365.111938
v -168.042313 1447.574463 -405.690887
v -85.667068 1447.574341 -430.679169
v 0.000300 1447.574829 -439.116547
v 85.667816 1447.574463 -430.678955
v 168.043121 1447.574707 -405.690765
v 243.960754 1447.574341 -365.112030
v 310.503113 1447.574341 -310.502350
v 365.112610 1447.574707 -243.959854
v 405.691498 1447.574951 -168.042328
v 430.679718 1447.574951 -85.667038
v 439.117615 1447.574341 0.000382
v 430.679871 1447.574829 85.667763
v 405.691833 1447.574097 168.043213
v 365.112976 1447.574463 243.960754
v 310.502991 1447.574219 310.503082
v 243.960800 1447.574219 365.112793
v 168.043274 1447.574341 405.691620
v 85.667915 1447.574341 430.679932
v -57.573982 1483.644775 289.445526
v -112.935585 1483.644775 272.651703
v -163.956955 1483.645142 245.379959
v -208.677994 1483.644775 208.678635
v -245.379227 1483.644775 163.957779
v -272.650787 1483.644775 112.936211
v -289.444366 1483.645020 57.574551
v -295.115234 1483.644775 0.000404
v -289.444427 1483.644775 -57.573689
v -272.650787 1483.644775 -112.935448
v -245.379028 1483.645142 -163.956955
v -208.677994 1483.644775 -208.677841
v -163.957108 1483.644775 -245.379272
v -112.935486 1483.644775 -272.650879
v -57.573780 1483.644775 -289.444580
v 0.000350 1483.645264 -295.114990
v 57.574581 1483.644775 -289.444580
v 112.936241 1483.645020 -272.650879
v 163.957703 1483.644775 -245.379257
v 208.678482 1483.644775 -208.677856
v 245.379776 1483.644775 -163.956985
v 272.651550 1483.644775 -112.935463
v 289.445160 1483.644775 -57.573700
v 295.116028 1483.644897 0.000394
v 289.445221 1483.645142 57.574543
v 272.651733 1483.644775 112.936203
v 245.379974 1483.645020 163.957657
v 208.678787 1483.645020 208.678619
v 163.957657 1483.644775 245.379852
v 112.936241 1483.645020 272.651703
v 57.574532 1483.644775 289.445251
v -28.926142 1505.427124 145.423233
v -56.740826 1505.427124 136.985901
v -82.375099 1505.427124 123.283913
v -104.843529 1505.427368 104.844360
v -123.283226 1505.427124 82.375870
v -136.984711 1505.427368 56.741512
v -145.422607 1505.427246 28.926838
v -148.271194 1505.427246 0.000462
v -145.422256 1505.427490 -28.925913
v -136.984818 1505.427368 -56.740639
v -123.283226 1505.427124 -82.375099
v -104.843628 1505.427368 -104.843491
v -82.374901 1505.427490 -123.282776
v -56.740826 1505.427124 -136.985016
v -28.926092 1505.427368 -145.422241
v 0.000350 1505.427368 -148.271240
v 28.926790 1505.427368 -145.422226
v 56.741524 1505.427246 -136.984711
v 82.375702 1505.427368 -123.282944
v 104.844276 1505.427124 -104.843552
v 123.283730 1505.427124 -82.374893
v 136.985519 1505.427368 -56.740646
v 145.422913 1505.427368 -28.925920
v 148.272095 1505.427368 0.000457
v 145.423309 1505.427124 28.926830
v 136.985764 1505.427368 56.741619
v 123.283875 1505.427368 82.375679
v 104.844376 1505.427002 104.844414
v 82.375702 1505.427368 123.283867
v 56.741676 1505.427368 136.985733
v 28.926840 1505.427124 145.423248
v 61.641541 -1509.069214 -41.188225
v -0.000200 -1509.069214 74.135483
v -14.463470 -1509.069336 72.710976
v -28.370863 -1509.069214 68.492287
v -41.187927 -1509.069336 61.641289
v -52.422264 -1509.069336 52.421562
v -61.641914 -1509.069336 41.187187
v -68.492859 -1509.069214 28.370148
v -72.711700 -1509.069214 14.462758
v -74.136246 -1509.069214 -0.000487
v -72.711655 -1509.069336 -14.463617
v -68.492836 -1509.069336 -28.370985
v -61.642090 -1509.069214 -41.188213
v -52.422264 -1509.069336 -52.422470
v -41.187977 -1509.069214 -61.642227
v -28.370913 -1509.069336 -68.493103
v -14.463470 -1509.069336 -72.711784
v -0.000250 -1509.069336 -74.136284
v 14.462971 -1509.069336 -72.711777
v 28.370338 -1509.069214 -68.493088
v 41.187401 -1509.069336 -61.642139
v 52.421738 -1509.069214 -52.422443
v 68.492332 -1509.069336 -28.370987
v 72.711281 -1509.069214 -14.463676
v 74.135620 -1509.069336 -0.000434
v 72.711281 -1509.069214 14.462755
v 68.492432 -1509.069214 28.370144
v 61.641464 -1509.069336 41.187180
v 52.421764 -1509.069214 52.421532
v 41.187477 -1509.069214 61.641296
v 28.370338 -1509.069214 68.492203
v 14.462996 -1509.069214 72.710953
v 30.820694 -1510.890259 -20.594370
v -0.000175 -1510.890259 37.067486
v -7.231810 -1510.890259 36.355228
v -14.185506 -1510.890259 34.245884
v -20.594038 -1510.890259 30.820385
v -26.211206 -1510.890259 26.210524
v -30.821032 -1510.890259 20.593336
v -34.246502 -1510.890259 14.184816
v -36.355927 -1510.890259 7.231121
v -37.068199 -1510.890259 -0.000502
v -36.355900 -1510.890259 -7.232067
v -34.246490 -1510.890259 -14.185750
v -30.821119 -1510.890259 -20.594364
v -26.211206 -1510.890259 -26.211494
v -20.594063 -1510.890259 -30.821371
v -14.185531 -1510.890259 -34.246811
v -7.231810 -1510.890259 -36.356152
v -0.000200 -1510.890259 -37.068401
v 7.231411 -1510.890259 -36.356148
v 14.185094 -1510.890259 -34.246803
v 20.593626 -1510.890259 -30.821329
v 26.210794 -1510.890259 -26.211481
v 34.246090 -1510.890259 -14.185751
v 36.355564 -1510.890259 -7.232096
v 37.067738 -1510.890259 -0.000475
v 36.355564 -1510.890259 7.231119
v 34.246143 -1510.890259 14.184814
v 30.820658 -1510.890259 20.593332
v 26.210806 -1510.890259 26.210506
v 20.593662 -1510.890259 30.820389
v 14.185094 -1510.890259 34.245842
v 7.231423 -1510.890259 36.355217
vn -0.0000 0.9949 -0.1011
vn -0.0000 0.9228 -0.3853
vn -0.0000 0.8301 -0.5577
vn -0.0000 0.6329 -0.7742
vn -0.0000 0.5542 -0.8324
vn -0.0000 0.3816 -0.9243
vn -0.0000 0.1945 -0.9809
vn -0.0000 0.0977 -0.9952
vn -0.0000 -0.0977 -0.9952
vn -0.0000 -0.3816 -0.9243
vn -0.0000 -0.8301 -0.5577
vn -0.0000 -0.9228 -0.3853
vn -0.0000 -0.9802 -0.1980
vn -0.0000 -0.9949 -0.1011
vn -0.0000 -0.9561 -0.2931
vn -0.0000 -0.8806 -0.4738
vn -0.0000 -0.7715 -0.6362
vn -0.0000 -0.7056 -0.7086
vn -0.0000 -0.6329 -0.7742
vn -0.0000 -0.5542 -0.8324
vn -0.0000 -0.4701 -0.8826
vn -0.0000 -0.2894 -0.9572
vn -0.0000 -0.1945 -0.9809
vn -0.0000 -0.0000 -1.0000
vn -0.0000 0.2894 -0.9572
vn -0.0000 0.4701 -0.8826
vn -0.0000 0.7056 -0.7086
vn -0.0000 0.7715 -0.6362
vn -0.0000 0.8806 -0.4738
vn -0.0000 0.9561 -0.2931
vn -0.0000 0.9802 -0.1980
vn -0.0000 1.0000 -0.0000
vn -0.0000 -1.0000 -0.0000
vn 0.0197 0.9949 -0.0991
vn 0.0387 0.9949 -0.0934
vn 0.0561 0.9949 -0.0840
vn 0.0715 0.9949 -0.0715
vn 0.0840 0.9949 -0.0561
vn 0.0934 0.9949 -0.0387
vn 0.0991 0.9949 -0.0197
vn 0.1011 0.9949 -0.0000
vn 0.0991 0.9949 0.0197
vn 0.0934 0.9949 0.0387
vn 0.0840 0.9949 0.0561
vn 0.0715 0.9949 0.0715
vn 0.0561 0.9949 0.0840
vn 0.0387 0.9949 0.0934
vn 0.0197 0.9949 0.0991
vn -0.0000 0.9949 0.1011
vn -0.0197 0.9949 0.0991
vn -0.0387 0.9949 0.0934
vn -0.0561 0.9949 0.0840
vn -0.0715 0.9949 0.0715
vn -0.0840 0.9949 0.0561
vn -0.0934 0.9949 0.0387
vn -0.0991 0.9949 0.0197
vn -0.1011 0.9949 -0.0000
vn -0.0991 0.9949 -0.0197
vn -0.0934 0.9949 -0.0387
vn -0.0840 0.9949 -0.0561
vn -0.0715 0.9949 -0.0715
vn -0.0561 0.9949 -0.0840
vn -0.0387 0.9949 -0.0934
vn -0.0197 0.9949 -0.0991
vn 0.0386 0.9802 -0.1942
vn 0.0758 0.9802 -0.1830
vn 0.1100 0.9802 -0.1647
vn 0.1400 0.9802 -0.1400
vn 0.1647 0.9802 -0.1100
vn 0.1830 0.9802 -0.0758
vn 0.1942 0.9802 -0.0386
vn 0.1980 0.9802 -0.0000
vn 0.1942 0.9802 0.0386
vn 0.1830 0.9802 0.0758
vn 0.1647 0.9802 0.1100
vn 0.1400 0.9802 0.1400
vn 0.1100 0.9802 0.1647
vn 0.0758 0.9802 0.1830
vn 0.0386 0.9802 0.1942
vn -0.0000 0.9802 0.1980
vn -0.0386 0.9802 0.1942
vn -0.0758 0.9802 0.1830
vn -0.1100 0.9802 0.1647
vn -0.1400 0.9802 0.1400
vn -0.1647 0.9802 0.1100
vn -0.1830 0.9802 0.0758
vn -0.1942 0.9802 0.0386
vn -0.1980 0.9802 -0.0000
vn -0.1942 0.9802 -0.0386
vn -0.1830 0.9802 -0.0758
vn -0.1647 0.9802 -0.1100
vn -0.1400 0.9802 -0.1400
vn -0.1100 0.9802 -0.1647
vn -0.0758 0.9802 -0.1830
vn -0.0386 0.9802 -0.1942
vn 0.0572 0.9561 -0.2875
vn 0.1122 0.9561 -0.2708
vn 0.1628 0.9561 -0.2437
vn 0.2072 0.9561 -0.2072
vn 0.2437 0.9561 -0.1628
vn 0.2708 0.9561 -0.1122
vn 0.2875 0.9561 -0.0572
vn 0.2931 0.9561 -0.0000
vn 0.2875 0.9561 0.0572
vn 0.2708 0.9561 0.1122
vn 0.2437 0.9561 0.1628
vn 0.2072 0.9561 0.2072
vn 0.1628 0.9561 0.2437
vn 0.1122 0.9561 0.2708
vn 0.0572 0.9561 0.2875
vn -0.0000 0.9561 0.2931
vn -0.0572 0.9561 0.2875
vn -0.1122 0.9561 0.2708
vn -0.1628 0.9561 0.2437
vn -0.2072 0.9561 0.2072
vn -0.2437 0.9561 0.1628
vn -0.2708 0.9561 0.1122
vn -0.2875 0.9561 0.0572
vn -0.2931 0.9561 -0.0000
vn -0.2875 0.9561 -0.0572
vn -0.2708 0.9561 -0.1122
vn -0.2437 0.9561 -0.1628
vn -0.2072 0.9561 -0.2072
vn -0.1628 0.9561 -0.2437
vn -0.1122 0.9561 -0.2708
vn -0.0572 0.9561 -0.2875
vn 0.0752 0.9228 -0.3779
vn 0.1474 0.9228 -0.3560
vn 0.2141 0.9228 -0.3204
vn 0.2724 0.9228 -0.2724
vn 0.3204 0.9228 -0.2141
vn 0.3560 0.9228 -0.1474
vn 0.3779 0.9228 -0.0752
vn 0.3853 0.9228 -0.0000
vn 0.3779 0.9228 0.0752
vn 0.3560 0.9228 0.1474
vn 0.3204 0.9228 0.2141
vn 0.2724 0.9228 0.2724
vn 0.2141 0.9228 0.3204
vn 0.1474 0.9228 0.3560
vn 0.0752 0.9228 0.3779
vn -0.0000 0.9228 0.3853
vn -0.0752 0.9228 0.3779
vn -0.1474 0.9228 0.3560
vn -0.2141 0.9228 0.3204
vn -0.2724 0.9228 0.2724
vn -0.3204 0.9228 0.2141
vn -0.3560 0.9228 0.1474
vn -0.3779 0.9228 0.0752
vn -0.3853 0.9228 -0.0000
vn -0.3779 0.9228 -0.0752
vn -0.3560 0.9228 -0.1474
vn -0.3204 0.9228 -0.2141
vn -0.2724 0.9228 -0.2724
vn -0.2141 0.9228 -0.3204
vn -0.1474 0.9228 -0.3560
vn -0.0752 0.9228 -0.3779
vn 0.0924 0.8806 -0.4647
vn 0.1813 0.8806 -0.4377
vn 0.2632 0.8806 -0.3939
vn 0.3350 0.8806 -0.3350
vn 0.3939 0.8806 -0.2632
vn 0.4377 0.8806 -0.1813
vn 0.4647 0.8806 -0.0924
vn 0.4738 0.8806 -0.0000
vn 0.4647 0.8806 0.0924
vn 0.4377 0.8806 0.1813
vn 0.3939 0.8806 0.2632
vn 0.3350 0.8806 0.3350
vn 0.2632 0.8806 0.3939
vn 0.1813 0.8806 0.4377
vn 0.0924 0.8806 0.4647
vn -0.0000 0.8806 0.4738
vn -0.0924 0.8806 0.4647
vn -0.1813 0.8806 0.4377
vn -0.2632 0.8806 0.3939
vn -0.3350 0.8806 0.3350
vn -0.3939 0.8806 0.2632
vn -0.4377 0.8806 0.1813
vn -0.4647 0.8806 0.0924
vn -0.4738 0.8806 -0.0000
vn -0.4647 0.8806 -0.0924
vn -0.4377 0.8806 -0.1813
vn -0.3939 0.8806 -0.2632
vn -0.3350 0.8806 -0.3350
vn -0.2632 0.8806 -0.3939
vn -0.1813 0.8806 -0.4377
vn -0.0924 0.8806 -0.4647
vn 0.1088 0.8301 -0.5470
vn 0.2134 0.8301 -0.5152
vn 0.3098 0.8301 -0.4637
vn 0.3943 0.8301 -0.3943
vn 0.4637 0.8301 -0.3098
vn 0.5152 0.8301 -0.2134
vn 0.5470 0.8301 -0.1088
vn 0.5577 0.8301 -0.0000
vn 0.5470 0.8301 0.1088
vn 0.5152 0.8301 0.2134
vn 0.4637 0.8301 0.3098
vn 0.3943 0.8301 0.3943
vn 0.3098 0.8301 0.4637
vn 0.2134 0.8301 0.5152
vn 0.1088 0.8301 0.5470
vn -0.0000 0.8301 0.5577
vn -0.1088 0.8301 0.5470
vn -0.2134 0.8301 0.5152
vn -0.3098 0.8301 0.4637
vn -0.3943 0.8301 0.3943
vn -0.4637 0.8301 0.3098
vn -0.5152 0.8301 0.2134
vn -0.5470 0.8301 0.1088
vn -0.5577 0.8301 -0.0000
vn -0.5470 0.8301 -0.1088
vn -0.5152 0.8301 -0.2134
vn -0.4637 0.8301 -0.3098
vn -0.3943 0.8301 -0.3943
vn -0.3098 0.8301 -0.4637
vn -0.2134 0.8301 -0.5152
vn -0.1088 0.8301 -0.5470
vn 0.1241 0.7715 -0.6240
vn 0.2435 0.7715 -0.5878
vn 0.3535 0.7715 -0.5290
vn 0.4499 0.7715 -0.4499
vn 0.5290 0.7715 -0.3535
vn 0.5878 0.7715 -0.2435
vn 0.6240 0.7715 -0.1241
vn 0.6362 0.7715 -0.0000
vn 0.6240 0.7715 0.1241
vn 0.5878 0.7715 0.2435
vn 0.5290 0.7715 0.3535
vn 0.4499 0.7715 0.4499
vn 0.3535 0.7715 0.5290
vn 0.2435 0.7715 0.5878
vn 0.1241 0.7715 0.6240
vn -0.0000 0.7715 0.6362
vn -0.1241 0.7715 0.6240
vn -0.2435 0.7715 0.5878
vn -0.3535 0.7715 0.5290
vn -0.4499 0.7715 0.4499
vn -0.5290 0.7715 0.3535
vn -0.5878 0.7715 0.2435
vn -0.6240 0.7715 0.1241
vn -0.6362 0.7715 -0.0000
vn -0.6240 0.7715 -0.1241
vn -0.5878 0.7715 -0.2435
vn -0.5290 0.7715 -0.3535
vn -0.4499 0.7715 -0.4499
vn -0.3535 0.7715 -0.5290
vn -0.2435 0.7715 -0.5878
vn -0.1241 0.7715 -0.6240
vn 0.1382 0.7056 -0.6950
vn 0.2712 0.7056 -0.6547
vn 0.3937 0.7056 -0.5892
vn 0.5011 0.7056 -0.5011
vn 0.5892 0.7056 -0.3937
vn 0.6547 0.7056 -0.2712
vn 0.6950 0.7056 -0.1382
vn 0.7086 0.7056 -0.0000
vn 0.6950 0.7056 0.1382
vn 0.6547 0.7056 0.2712
vn 0.5892 0.7056 0.3937
vn 0.5011 0.7056 0.5011
vn 0.3937 0.7056 0.5892
vn 0.2712 0.7056 0.6547
vn 0.1382 0.7056 0.6950
vn -0.0000 0.7056 0.7086
vn -0.1382 0.7056 0.6950
vn -0.2712 0.7056 0.6547
vn -0.3937 0.7056 0.5892
vn -0.5011 0.7056 0.5011
vn -0.5892 0.7056 0.3937
vn -0.6547 0.7056 0.2712
vn -0.6950 0.7056 0.1382
vn -0.7086 0.7056 -0.0000
vn -0.6950 0.7056 -0.1382
vn -0.6547 0.7056 -0.2712
vn -0.5892 0.7056 -0.3937
vn -0.5011 0.7056 -0.5011
vn -0.3937 0.7056 -0.5892
vn -0.2712 0.7056 -0.6547
vn -0.1382 0.7056 -0.6950
vn 0.1510 0.6329 -0.7594
vn 0.2963 0.6329 -0.7153
vn 0.4301 0.6329 -0.6438
vn 0.5475 0.6329 -0.5475
vn 0.6438 0.6329 -0.4301
vn 0.7153 0.6329 -0.2963
vn 0.7594 0.6329 -0.1510
vn 0.7742 0.6329 -0.0000
vn 0.7594 0.6329 0.1510
vn 0.7153 0.6329 0.2963
vn 0.6438 0.6329 0.4301
vn 0.5475 0.6329 0.5475
vn 0.4301 0.6329 0.6438
vn 0.2963 0.6329 0.7153
vn 0.1510 0.6329 0.7594
vn -0.0000 0.6329 0.7742
vn -0.1510 0.6329 0.7594
vn -0.2963 0.6329 0.7153
vn -0.4301 0.6329 0.6438
vn -0.5475 0.6329 0.5475
vn -0.6438 0.6329 0.4301
vn -0.7153 0.6329 0.2963
vn -0.7594 0.6329 0.1510
vn -0.7742 0.6329 -0.0000
vn -0.7594 0.6329 -0.1510
vn -0.7153 0.6329 -0.2963
vn -0.6438 0.6329 -0.4301
vn -0.5475 0.6329 -0.5475
vn -0.4301 0.6329 -0.6438
vn -0.2963 0.6329 -0.7153
vn -0.1510 0.6329 -0.7594
vn 0.1624 0.5542 -0.8164
vn 0.3185 0.5542 -0.7690
vn 0.4625 0.5542 -0.6921
vn 0.5886 0.5542 -0.5886
vn 0.6921 0.5542 -0.4625
vn 0.7690 0.5542 -0.3185
vn 0.8164 0.5542 -0.1624
vn 0.8324 0.5542 -0.0000
vn 0.8164 0.5542 0.1624
vn 0.7690 0.5542 0.3186
vn 0.6921 0.5542 0.4625
vn 0.5886 0.5542 0.5886
vn 0.4625 0.5542 0.6921
vn 0.3185 0.5542 0.7690
vn 0.1624 0.5542 0.8164
vn -0.0000 0.5542 0.8324
vn -0.1624 0.5542 0.8164
vn -0.3185 0.5542 0.7690
vn -0.4625 0.5542 0.6921
vn -0.5886 0.5542 0.5886
vn -0.6921 0.5542 0.4625
vn -0.7690 0.5542 0.3186
vn -0.8164 0.5542 0.1624
vn -0.8324 0.5542 -0.0000
vn -0.8164 0.5542 -0.1624
vn -0.7690 0.5542 -0.3185
vn -0.6921 0.5542 -0.4625
vn -0.5886 0.5542 -0.5886
vn -0.4625 0.5542 -0.6921
vn -0.3185 0.5542 -0.7690
vn -0.1624 0.5542 -0.8164
vn 0.1722 0.4701 -0.8656
vn 0.3378 0.4701 -0.8154
vn 0.4903 0.4701 -0.7339
vn 0.6241 0.4701 -0.6241
vn 0.7339 0.4701 -0.4903
vn 0.8154 0.4701 -0.3378
vn 0.8656 0.4701 -0.1722
vn 0.8826 0.4701 -0.0000
vn 0.8656 0.4701 0.1722
vn 0.8154 0.4701 0.3378
vn 0.7339 0.4701 0.4903
vn 0.6241 0.4701 0.6241
vn 0.4903 0.4701 0.7339
vn 0.3378 0.4701 0.8154
vn 0.1722 0.4701 0.8656
vn -0.0000 0.4701 0.8826
vn -0.1722 0.4701 0.8656
vn -0.3378 0.4701 0.8154
vn -0.4903 0.4701 0.7339
vn -0.6241 0.4701 0.6241
vn -0.7339 0.4701 0.4903
vn -0.8154 0.4701 0.3378
vn -0.8656 0.4701 0.1722
vn -0.8826 0.4701 -0.0000
vn -0.8656 0.4701 -0.1722
vn -0.8154 0.4701 -0.3378
vn -0.7339 0.4701 -0.4903
vn -0.6241 0.4701 -0.6241
vn -0.4903 0.4701 -0.7339
vn -0.3378 0.4701 -0.8154
vn -0.1722 0.4701 -0.8656
vn 0.1803 0.3816 -0.9066
vn 0.3537 0.3816 -0.8540
vn 0.5135 0.3816 -0.7685
vn 0.6536 0.3816 -0.6536
vn 0.7685 0.3816 -0.5135
vn 0.8540 0.3816 -0.3537
vn 0.9066 0.3816 -0.1803
vn 0.9243 0.3816 -0.0000
vn 0.9066 0.3816 0.1803
vn 0.8540 0.3816 0.3537
vn 0.7685 0.3816 0.5135
vn 0.6536 0.3816 0.6536
vn 0.5135 0.3816 0.7685
vn 0.3537 0.3816 0.8540
vn 0.1803 0.3816 0.9066
vn -0.0000 0.3816 0.9243
vn -0.1803 0.3816 0.9066
vn -0.3537 0.3816 0.8540
vn -0.5135 0.3816 0.7685
vn -0.6536 0.3816 0.6536
vn -0.7685 0.3816 0.5135
vn -0.8540 0.3816 0.3537
vn -0.9066 0.3816 0.1803
vn -0.9243 0.3816 -0.0000
vn -0.9066 0.3816 -0.1803
vn -0.8540 0.3816 -0.3537
vn -0.7685 0.3816 -0.5135
vn -0.6536 0.3816 -0.6536
vn -0.5135 0.3816 -0.7685
vn -0.3537 0.3816 -0.8540
vn -0.1803 0.3816 -0.9066
vn 0.1867 0.2894 -0.9388
vn 0.3663 0.2894 -0.8843
vn 0.5318 0.2894 -0.7959
vn 0.6768 0.2894 -0.6768
vn 0.7959 0.2894 -0.5318
vn 0.8843 0.2894 -0.3663
vn 0.9388 0.2894 -0.1867
vn 0.9572 0.2894 -0.0000
vn 0.9388 0.2894 0.1867
vn 0.8843 0.2894 0.3663
vn 0.7959 0.2894 0.5318
vn 0.6768 0.2894 0.6768
vn 0.5318 0.2894 0.7959
vn 0.3663 0.2894 0.8843
vn 0.1867 0.2894 0.9388
vn -0.0000 0.2894 0.9572
vn -0.1867 0.2894 0.9388
vn -0.3663 0.2894 0.8843
vn -0.5318 0.2894 0.7959
vn -0.6768 0.2894 0.6768
vn -0.7959 0.2894 0.5318
vn -0.8843 0.2894 0.3663
vn -0.9388 0.2894 0.1867
vn -0.9572 0.2894 -0.0000
vn -0.9388 0.2894 -0.1867
vn -0.8843 0.2894 -0.3663
vn -0.7959 0.2894 -0.5318
vn -0.6768 0.2894 -0.6768
vn -0.5318 0.2894 -0.7959
vn -0.3663 0.2894 -0.8843
vn -0.1867 0.2894 -0.9388
vn 0.1914 0.1945 -0.9621
vn 0.3754 0.1945 -0.9062
vn 0.5450 0.1945 -0.8156
vn 0.6936 0.1945 -0.6936
vn 0.8156 0.1945 -0.5450
vn 0.9062 0.1945 -0.3754
vn 0.9621 0.1945 -0.1914
vn 0.9809 0.1945 -0.0000
vn 0.9621 0.1945 0.1914
vn 0.9062 0.1945 0.3754
vn 0.8156 0.1945 0.5450
vn 0.6936 0.1945 0.6936
vn 0.5450 0.1945 0.8156
vn 0.3754 0.1945 0.9062
vn 0.1914 0.1945 0.9621
vn -0.0000 0.1945 0.9809
vn -0.1914 0.1945 0.9621
vn -0.3754 0.1945 0.9062
vn -0.5450 0.1945 0.8156
vn -0.6936 0.1945 0.6936
vn -0.8156 0.1945 0.5450
vn -0.9062 0.1945 0.3754
vn -0.9621 0.1945 0.1914
vn -0.9809 0.1945 -0.0000
vn -0.9621 0.1945 -0.1914
vn -0.9062 0.1945 -0.3754
vn -0.8156 0.1945 -0.5450
vn -0.6936 0.1945 -0.6936
vn -0.5450 0.1945 -0.8156
vn -0.3754 0.1945 -0.9062
vn -0.1914 0.1945 -0.9621
vn 0.1942 0.0977 -0.9761
vn 0.3809 0.0977 -0.9195
vn 0.5529 0.0977 -0.8275
vn 0.7037 0.0977 -0.7037
vn 0.8275 0.0977 -0.5529
vn 0.9195 0.0977 -0.3809
vn 0.9761 0.0977 -0.1942
vn 0.9952 0.0977 -0.0000
vn 0.9761 0.0977 0.1942
vn 0.9195 0.0977 0.3809
vn 0.8275 0.0977 0.5529
vn 0.7037 0.0977 0.7037
vn 0.5529 0.0977 0.8275
vn 0.3809 0.0977 0.9195
vn 0.1942 0.0977 0.9761
vn -0.0000 0.0977 0.9952
vn -0.1942 0.0977 0.9761
vn -0.3809 0.0977 0.9195
vn -0.5529 0.0977 0.8275
vn -0.7037 0.0977 0.7037
vn -0.8275 0.0977 0.5529
vn -0.9195 0.0977 0.3809
vn -0.9761 0.0977 0.1942
vn -0.9952 0.0977 -0.0000
vn -0.9761 0.0977 -0.1942
vn -0.9195 0.0977 -0.3809
vn -0.8275 0.0977 -0.5529
vn -0.7037 0.0977 -0.7037
vn -0.5529 0.0977 -0.8275
vn -0.3809 0.0977 -0.9195
vn -0.1942 0.0977 -0.9761
vn 0.1951 -0.0000 -0.9808
vn 0.3827 -0.0000 -0.9239
vn 0.5556 -0.0000 -0.8315
vn 0.7071 -0.0000 -0.7071
vn 0.8315 -0.0000 -0.5556
vn 0.9239 -0.0000 -0.3827
vn 0.9808 -0.0000 -0.1951
vn 1.0000 -0.0000 -0.0000
vn 0.9808 -0.0000 0.1951
vn 0.9239 -0.0000 0.3827
vn 0.8315 -0.0000 0.5556
vn 0.7071 -0.0000 0.7071
vn 0.5556 -0.0000 0.8315
vn 0.3827 -0.0000 0.9239
vn 0.1951 -0.0000 0.9808
vn -0.0000 -0.0000 1.0000
vn -0.1951 -0.0000 0.9808
vn -0.3827 -0.0000 0.9239
vn -0.5556 -0.0000 0.8315
vn -0.7071 -0.0000 0.7071
vn -0.8315 -0.0000 0.5556
vn -0.9239 -0.0000 0.3827
vn -0.9808 -0.0000 0.1951
vn -1.0000 -0.0000 -0.0000
vn -0.9808 -0.0000 -0.1951
vn -0.9239 -0.0000 -0.3827
vn -0.8315 -0.0000 -0.5556
vn -0.7071 -0.0000 -0.7071
vn -0.5556 -0.0000 -0.8315
vn -0.3827 -0.0000 -0.9239
vn -0.1951 -0.0000 -0.9808
vn 0.1942 -0.0977 -0.9761
vn 0.3809 -0.0977 -0.9195
vn 0.5529 -0.0977 -0.8275
vn 0.7037 -0.0977 -0.7037
vn 0.8275 -0.0977 -0.5529
vn 0.9195 -0.0977 -0.3809
vn 0.9761 -0.0977 -0.1942
vn 0.9952 -0.0977 -0.0000
vn 0.9761 -0.0977 0.1942
vn 0.9195 -0.0977 0.3809
vn 0.8275 -0.0977 0.5529
vn 0.7037 -0.0977 0.7037
vn 0.5529 -0.0977 0.8275
vn 0.3809 -0.0977 0.9195
vn 0.1942 -0.0977 0.9761
vn -0.0000 -0.0977 0.9952
vn -0.1942 -0.0977 0.9761
vn -0.3809 -0.0977 0.9195
vn -0.5529 -0.0977 0.8275
vn -0.7037 -0.0977 0.7037
vn -0.8275 -0.0977 0.5529
vn -0.9195 -0.0977 0.3809
vn -0.9761 -0.0977 0.1942
vn -0.9952 -0.0977 -0.0000
vn -0.9761 -0.0977 -0.1942
vn -0.9195 -0.0977 -0.3809
vn -0.8275 -0.0977 -0.5529
vn -0.7037 -0.0977 -0.7037
vn -0.5529 -0.0977 -0.8275
vn -0.3809 -0.0977 -0.9195
vn -0.1942 -0.0977 -0.9761
vn 0.1914 -0.1945 -0.9621
vn 0.3754 -0.1945 -0.9062
vn 0.5450 -0.1945 -0.8156
vn 0.6936 -0.1945 -0.6936
vn 0.8156 -0.1945 -0.5450
vn 0.9062 -0.1945 -0.3754
vn 0.9621 -0.1945 -0.1914
vn 0.9809 -0.1945 -0.0000
vn 0.9621 -0.1945 0.1914
vn 0.9062 -0.1945 0.3754
vn 0.8156 -0.1945 0.5450
vn 0.6936 -0.1945 0.6936
vn 0.5450 -0.1945 0.8156
vn 0.3754 -0.1945 0.9062
vn 0.1914 -0.1945 0.9621
vn -0.0000 -0.1945 0.9809
vn -0.1914 -0.1945 0.9621
vn -0.3754 -0.1945 0.9062
vn -0.5450 -0.1945 0.8156
vn -0.6936 -0.1945 0.6936
vn -0.8156 -0.1945 0.5450
vn -0.9062 -0.1945 0.3754
vn -0.9621 -0.1945 0.1914
vn -0.9809 -0.1945 -0.0000
vn -0.9621 -0.1945 -0.1914
vn -0.9062 -0.1945 -0.3754
vn -0.8156 -0.1945 -0.5450
vn -0.6936 -0.1945 -0.6936
vn -0.5450 -0.1945 -0.8156
vn -0.3754 -0.1945 -0.9062
vn -0.1914 -0.1945 -0.9621
vn 0.1867 -0.2894 -0.9388
vn 0.3663 -0.2894 -0.8843
vn 0.5318 -0.2894 -0.7959
vn 0.6768 -0.2894 -0.6768
vn 0.7959 -0.2894 -0.5318
vn 0.8843 -0.2894 -0.3663
vn 0.9388 -0.2894 -0.1867
vn 0.9572 -0.2894 -0.0000
vn 0.9388 -0.2894 0.1867
vn 0.8843 -0.2894 0.3663
vn 0.7959 -0.2894 0.5318
vn 0.6768 -0.2894 0.6768
vn 0.5318 -0.2894 0.7959
vn 0.3663 -0.2894 0.8843
vn 0.1867 -0.2894 0.9388
vn -0.0000 -0.2894 0.9572
vn -0.1867 -0.2894 0.9388
vn -0.3663 -0.2894 0.8843
vn -0.5318 -0.2894 0.7959
vn -0.6768 -0.2894 0.6768
vn -0.7959 -0.2894 0.5318
vn -0.8843 -0.2894 0.3663
vn -0.9388 -0.2894 0.1867
vn -0.9572 -0.2894 -0.0000
vn -0.9388 -0.2894 -0.1867
vn -0.8843 -0.2894 -0.3663
vn -0.7959 -0.2894 -0.5318
vn -0.6768 -0.2894 -0.6768
vn -0.5318 -0.2894 -0.7959
vn -0.3663 -0.2894 -0.8843
vn -0.1867 -0.2894 -0.9388
vn 0.1803 -0.3816 -0.9066
vn 0.3537 -0.3816 -0.8540
vn 0.5135 -0.3816 -0.7685
vn 0.6536 -0.3816 -0.6536
vn 0.7685 -0.3816 -0.5135
vn 0.8540 -0.3816 -0.3537
vn 0.9066 -0.3816 -0.1803
vn 0.9243 -0.3816 -0.0000
vn 0.9066 -0.3816 0.1803
vn 0.8540 -0.3816 0.3537
vn 0.7685 -0.3816 0.5135
vn 0.6536 -0.3816 0.6536
vn 0.5135 -0.3816 0.7685
vn 0.3537 -0.3816 0.8540
vn 0.1803 -0.3816 0.9066
vn -0.0000 -0.3816 0.9243
vn -0.1803 -0.3816 0.9066
vn -0.3537 -0.3816 0.8540
vn -0.5135 -0.3816 0.7685
vn -0.6536 -0.3816 0.6536
vn -0.7685 -0.3816 0.5135
vn -0.8540 -0.3816 0.3537
vn -0.9066 -0.3816 0.1803
vn -0.9243 -0.3816 -0.0000
vn -0.9066 -0.3816 -0.1803
vn -0.8540 -0.3816 -0.3537
vn -0.7685 -0.3816 -0.5135
vn -0.6536 -0.3816 -0.6536
vn -0.5135 -0.3816 -0.7685
vn -0.3537 -0.3816 -0.8540
vn -0.1803 -0.3816 -0.9066
vn 0.1722 -0.4701 -0.8656
vn 0.3378 -0.4701 -0.8154
vn 0.4903 -0.4701 -0.7339
vn 0.6241 -0.4701 -0.6241
vn 0.7339 -0.4701 -0.4903
vn 0.8154 -0.4701 -0.3378
vn 0.8656 -0.4701 -0.1722
vn 0.8826 -0.4701 -0.0000
vn 0.8656 -0.4701 0.1722
vn 0.8154 -0.4701 0.3378
vn 0.7339 -0.4701 0.4903
vn 0.6241 -0.4701 0.6241
vn 0.4903 -0.4701 0.7339
vn 0.3378 -0.4701 0.8154
vn 0.1722 -0.4701 0.8656
vn -0.0000 -0.4701 0.8826
vn -0.1722 -0.4701 0.8656
vn -0.3378 -0.4701 0.8154
vn -0.4903 -0.4701 0.7339
vn -0.6241 -0.4701 0.6241
vn -0.7339 -0.4701 0.4903
vn -0.8154 -0.4701 0.3378
vn -0.8656 -0.4701 0.1722
vn -0.8826 -0.4701 -0.0000
vn -0.8656 -0.4701 -0.1722
vn -0.8154 -0.4701 -0.3378
vn -0.7339 -0.4701 -0.4903
vn -0.6241 -0.4701 -0.6241
vn -0.4903 -0.4701 -0.7339
vn -0.3378 -0.4701 -0.8154
vn -0.1722 -0.4701 -0.8656
vn 0.1624 -0.5542 -0.8164
vn 0.3185 -0.5542 -0.7690
vn 0.4625 -0.5542 -0.6921
vn 0.5886 -0.5542 -0.5886
vn 0.6921 -0.5542 -0.4625
vn 0.7690 -0.5542 -0.3185
vn 0.8164 -0.5542 -0.1624
vn 0.8324 -0.5542 -0.0000
vn 0.8164 -0.5542 0.1624
vn 0.7690 -0.5542 0.3185
vn 0.6921 -0.5542 0.4625
vn 0.5886 -0.5542 0.5886
vn 0.4625 -0.5542 0.6921
vn 0.3185 -0.5542 0.7690
vn 0.1624 -0.5542 0.8164
vn -0.0000 -0.5542 0.8324
vn -0.1624 -0.5542 0.8164
vn -0.3185 -0.5542 0.7690
vn -0.4625 -0.5542 0.6921
vn -0.5886 -0.5542 0.5886
vn -0.6921 -0.5542 0.4625
vn -0.7690 -0.5542 0.3185
vn -0.8164 -0.5542 0.1624
vn -0.8324 -0.5542 -0.0000
vn -0.8164 -0.5542 -0.1624
vn -0.7690 -0.5542 -0.3185
vn -0.6921 -0.5542 -0.4625
vn -0.5886 -0.5542 -0.5886
vn -0.4625 -0.5542 -0.6921
vn -0.3186 -0.5542 -0.7690
vn -0.1624 -0.5542 -0.8164
vn 0.1510 -0.6329 -0.7594
vn 0.2963 -0.6329 -0.7153
vn 0.4301 -0.6329 -0.6438
vn 0.5475 -0.6329 -0.5475
vn 0.6438 -0.6329 -0.4301
vn 0.7153 -0.6329 -0.2963
vn 0.7594 -0.6329 -0.1510
vn 0.7742 -0.6329 -0.0000
vn 0.7594 -0.6329 0.1510
vn 0.7153 -0.6329 0.2963
vn 0.6438 -0.6329 0.4301
vn 0.5475 -0.6329 0.5475
vn 0.4301 -0.6329 0.6438
vn 0.2963 -0.6329 0.7153
vn 0.1510 -0.6329 0.7594
vn -0.0000 -0.6329 0.7742
vn -0.1510 -0.6329 0.7594
vn -0.2963 -0.6329 0.7153
vn -0.4301 -0.6329 0.6438
vn -0.5475 -0.6329 0.5475
vn -0.6438 -0.6329 0.4301
vn -0.7153 -0.6329 0.2963
vn -0.7594 -0.6329 0.1510
vn -0.7742 -0.6329 -0.0000
vn -0.7594 -0.6329 -0.1510
vn -0.7153 -0.6329 -0.2963
vn -0.6438 -0.6329 -0.4301
vn -0.5475 -0.6329 -0.5475
vn -0.4301 -0.6329 -0.6438
vn -0.2963 -0.6329 -0.7153
vn -0.1510 -0.6329 -0.7594
vn 0.1382 -0.7056 -0.6950
vn 0.2712 -0.7056 -0.6547
vn 0.3937 -0.7056 -0.5892
vn 0.5011 -0.7056 -0.5011
vn 0.5892 -0.7056 -0.3937
vn 0.6547 -0.7056 -0.2712
vn 0.6950 -0.7056 -0.1382
vn 0.7086 -0.7056 -0.0000
vn 0.6950 -0.7056 0.1382
vn 0.6547 -0.7056 0.2712
vn 0.5892 -0.7056 0.3937
vn 0.5011 -0.7056 0.5011
vn 0.3937 -0.7056 0.5892
vn 0.2712 -0.7056 0.6547
vn 0.1382 -0.7056 0.6950
vn -0.0000 -0.7056 0.7086
vn -0.1382 -0.7056 0.6950
vn -0.2712 -0.7056 0.6547
vn -0.3937 -0.7056 0.5892
vn -0.5011 -0.7056 0.5011
vn -0.5892 -0.7056 0.3937
vn -0.6547 -0.7056 0.2712
vn -0.6950 -0.7056 0.1382
vn -0.7086 -0.7056 -0.0000
vn -0.6950 -0.7056 -0.1382
vn -0.6547 -0.7056 -0.2712
vn -0.5892 -0.7056 -0.3937
vn -0.5011 -0.7056 -0.5011
vn -0.3937 -0.7056 -0.5892
vn -0.2712 -0.7056 -0.6547
vn -0.1382 -0.7056 -0.6950
vn 0.1241 -0.7715 -0.6240
vn 0.2435 -0.7715 -0.5878
vn 0.3535 -0.7715 -0.5290
vn 0.4499 -0.7715 -0.4499
vn 0.5290 -0.7715 -0.3535
vn 0.5878 -0.7715 -0.2435
vn 0.6240 -0.7715 -0.1241
vn 0.6362 -0.7715 -0.0000
vn 0.6240 -0.7715 0.1241
vn 0.5878 -0.7715 0.2435
vn 0.5290 -0.7715 0.3535
vn 0.4499 -0.7715 0.4499
vn 0.3535 -0.7715 0.5290
vn 0.2435 -0.7715 0.5878
vn 0.1241 -0.7715 0.6240
vn -0.0000 -0.7715 0.6362
vn -0.1241 -0.7715 0.6240
vn -0.2435 -0.7715 0.5878
vn -0.3535 -0.7715 0.5290
vn -0.4499 -0.7715 0.4499
vn -0.5290 -0.7715 0.3535
vn -0.5878 -0.7715 0.2435
vn -0.6240 -0.7715 0.1241
vn -0.6362 -0.7715 -0.0000
vn -0.6240 -0.7715 -0.1241
vn -0.5878 -0.7715 -0.2435
vn -0.5290 -0.7715 -0.3535
vn -0.4499 -0.7715 -0.4499
vn -0.3535 -0.7715 -0.5290
vn -0.2435 -0.7715 -0.5878
vn -0.1241 -0.7715 -0.6240
vn 0.1088 -0.8301 -0.5470
vn 0.2134 -0.8301 -0.5152
vn 0.3098 -0.8301 -0.4637
vn 0.3943 -0.8301 -0.3943
vn 0.4637 -0.8301 -0.3098
vn 0.5152 -0.8301 -0.2134
vn 0.5470 -0.8301 -0.1088
vn 0.5577 -0.8301 -0.0000
vn 0.5470 -0.8301 0.1088
vn 0.5152 -0.8301 0.2134
vn 0.4637 -0.8301 0.3098
vn 0.3943 -0.8301 0.3943
vn 0.3098 -0.8301 0.4637
vn 0.2134 -0.8301 0.5152
vn 0.1088 -0.8301 0.5470
vn -0.0000 -0.8301 0.5577
vn -0.1088 -0.8301 0.5470
vn -0.2134 -0.8301 0.5152
vn -0.3098 -0.8301 0.4637
vn -0.3943 -0.8301 0.3943
vn -0.4637 -0.8301 0.3098
vn -0.5152 -0.8301 0.2134
vn -0.5470 -0.8301 0.1088
vn -0.5577 -0.8301 -0.0000
vn -0.5470 -0.8301 -0.1088
vn -0.5152 -0.8301 -0.2134
vn -0.4637 -0.8301 -0.3098
vn -0.3943 -0.8301 -0.3943
vn -0.3098 -0.8301 -0.4637
vn -0.2134 -0.8301 -0.5152
vn -0.1088 -0.8301 -0.5470
vn 0.0924 -0.8806 -0.4647
vn 0.1813 -0.8806 -0.4377
vn 0.2632 -0.8806 -0.3939
vn 0.3350 -0.8806 -0.3350
vn 0.3939 -0.8806 -0.2632
vn 0.4377 -0.8806 -0.1813
vn 0.4647 -0.8806 -0.0924
vn 0.4738 -0.8806 -0.0000
vn 0.4647 -0.8806 0.0924
vn 0.4377 -0.8806 0.1813
vn 0.3939 -0.8806 0.2632
vn 0.3350 -0.8806 0.3350
vn 0.2632 -0.8806 0.3939
vn 0.1813 -0.8806 0.4377
vn 0.0924 -0.8806 0.4647
vn -0.0000 -0.8806 0.4738
vn -0.0924 -0.8806 0.4647
vn -0.1813 -0.8806 0.4377
vn -0.2632 -0.8806 0.3939
vn -0.3350 -0.8806 0.3350
vn -0.3939 -0.8806 0.2632
vn -0.4377 -0.8806 0.1813
vn -0.4647 -0.8806 0.0924
vn -0.4738 -0.8806 -0.0000
vn -0.4647 -0.8806 -0.0924
vn -0.4377 -0.8806 -0.1813
vn -0.3939 -0.8806 -0.2632
vn -0.3350 -0.8806 -0.3350
vn -0.2632 -0.8806 -0.3939
vn -0.1813 -0.8806 -0.4377
vn -0.0924 -0.8806 -0.4647
vn 0.0752 -0.9228 -0.3779
vn 0.1474 -0.9228 -0.3560
vn 0.2141 -0.9228 -0.3204
vn 0.2724 -0.9228 -0.2724
vn 0.3204 -0.9228 -0.2141
vn 0.3560 -0.9228 -0.1474
vn 0.3779 -0.9228 -0.0752
vn 0.3853 -0.9228 -0.0000
vn 0.3779 -0.9228 0.0752
vn 0.3560 -0.9228 0.1474
vn 0.3204 -0.9228 0.2141
vn 0.2724 -0.9228 0.2724
vn 0.2141 -0.9228 0.3204
vn 0.1474 -0.9228 0.3560
vn 0.0752 -0.9228 0.3779
vn -0.0000 -0.9228 0.3853
vn -0.0752 -0.9228 0.3779
vn -0.1474 -0.9228 0.3560
vn -0.2141 -0.9228 0.3204
vn -0.2724 -0.9228 0.2724
vn -0.3204 -0.9228 0.2141
vn -0.3560 -0.9228 0.1474
vn -0.3779 -0.9228 0.0752
vn -0.3853 -0.9228 -0.0000
vn -0.3779 -0.9228 -0.0752
vn -0.3560 -0.9228 -0.1474
vn -0.3204 -0.9228 -0.2141
vn -0.2724 -0.9228 -0.2724
vn -0.2141 -0.9228 -0.3204
vn -0.1474 -0.9228 -0.3560
vn -0.0752 -0.9228 -0.3779
vn 0.0572 -0.9561 -0.2875
vn 0.1122 -0.9561 -0.2708
vn 0.1628 -0.9561 -0.2437
vn 0.2072 -0.9561 -0.2072
vn 0.2437 -0.9561 -0.1628
vn 0.2708 -0.9561 -0.1122
vn 0.2875 -0.9561 -0.0572
vn 0.2931 -0.9561 -0.0000
vn 0.2875 -0.9561 0.0572
vn 0.2708 -0.9561 0.1122
vn 0.2437 -0.9561 0.1628
vn 0.2072 -0.9561 0.2072
vn 0.1628 -0.9561 0.2437
vn 0.1122 -0.9561 0.2708
vn 0.0572 -0.9561 0.2875
vn -0.0000 -0.9561 0.2931
vn -0.0572 -0.9561 0.2875
vn -0.1122 -0.9561 0.2708
vn -0.1628 -0.9561 0.2437
vn -0.2072 -0.9561 0.2072
vn -0.2437 -0.9561 0.1628
vn -0.2708 -0.9561 0.1122
vn -0.2875 -0.9561 0.0572
vn -0.2931 -0.9561 -0.0000
vn -0.2875 -0.9561 -0.0572
vn -0.2708 -0.9561 -0.1122
vn -0.2437 -0.9561 -0.1628
vn -0.2072 -0.9561 -0.2072
vn -0.1628 -0.9561 -0.2437
vn -0.1122 -0.9561 -0.2708
vn -0.0572 -0.9561 -0.2875
vn 0.0386 -0.9802 -0.1942
vn 0.0758 -0.9802 -0.1830
vn 0.1100 -0.9802 -0.1647
vn 0.1400 -0.9802 -0.1400
vn 0.1647 -0.9802 -0.1100
vn 0.1830 -0.9802 -0.0758
vn 0.1942 -0.9802 -0.0386
vn 0.1980 -0.9802 -0.0000
vn 0.1942 -0.9802 0.0386
vn 0.1830 -0.9802 0.0758
vn 0.1647 -0.9802 0.1100
vn 0.1400 -0.9802 0.1400
vn 0.1100 -0.9802 0.1647
vn 0.0758 -0.9802 0.1830
vn 0.0386 -0.9802 0.1942
vn -0.0000 -0.9802 0.1980
vn -0.0386 -0.9802 0.1942
vn -0.0758 -0.9802 0.1830
vn -0.1100 -0.9802 0.1647
vn -0.1400 -0.9802 0.1400
vn -0.1647 -0.9802 0.1100
vn -0.1830 -0.9802 0.0758
vn -0.1942 -0.9802 0.0386
vn -0.1980 -0.9802 -0.0000
vn -0.1942 -0.9802 -0.0386
vn -0.1830 -0.9802 -0.0758
vn -0.1647 -0.9802 -0.1100
vn -0.1400 -0.9802 -0.1400
vn -0.1100 -0.9802 -0.1647
vn -0.0758 -0.9802 -0.1830
vn -0.0386 -0.9802 -0.1942
vn 0.0197 -0.9949 -0.0991
vn 0.0387 -0.9949 -0.0934
vn 0.0561 -0.9949 -0.0840
vn 0.0715 -0.9949 -0.0715
vn 0.0840 -0.9949 -0.0561
vn 0.0934 -0.9949 -0.0387
vn 0.0991 -0.9949 -0.0197
vn 0.1011 -0.9949 -0.0000
vn 0.0991 -0.9949 0.0197
vn 0.0934 -0.9949 0.0387
vn 0.0840 -0.9949 0.0561
vn 0.0715 -0.9949 0.0715
vn 0.0561 -0.9949 0.0840
vn 0.0387 -0.9949 0.0934
vn 0.0197 -0.9949 0.0991
vn -0.0000 -0.9949 0.1011
vn -0.0197 -0.9949 0.0991
vn -0.0387 -0.9949 0.0934
vn -0.0561 -0.9949 0.0840
vn -0.0715 -0.9949 0.0715
vn -0.0840 -0.9949 0.0561
vn -0.0934 -0.9949 0.0387
vn -0.0991 -0.9949 0.0197
vn -0.1011 -0.9949 -0.0000
vn -0.0991 -0.9949 -0.0197
vn -0.0934 -0.9949 -0.0387
vn -0.0840 -0.9949 -0.0561
vn -0.0715 -0.9949 -0.0715
vn -0.0561 -0.9949 -0.0840
vn -0.0387 -0.9949 -0.0934
vn -0.0197 -0.9949 -0.0991
vn -0.0408 0.9988 0.0273
vn -0.0000 0.9988 -0.0491
vn 0.0096 0.9988 -0.0481
vn 0.0188 0.9988 -0.0453
vn 0.0273 0.9988 -0.0408
vn 0.0347 0.9988 -0.0347
vn 0.0408 0.9988 -0.0273
vn 0.0453 0.9988 -0.0188
vn 0.0481 0.9988 -0.0096
vn 0.0491 0.9988 -0.0000
vn 0.0481 0.9988 0.0096
vn 0.0453 0.9988 0.0188
vn 0.0408 0.9988 0.0273
vn 0.0347 0.9988 0.0347
vn 0.0273 0.9988 0.0408
vn 0.0188 0.9988 0.0453
vn 0.0096 0.9988 0.0481
vn -0.0000 0.9988 0.0491
vn -0.0096 0.9988 0.0481
vn -0.0188 0.9988 0.0453
vn -0.0273 0.9988 0.0408
vn -0.0347 0.9988 0.0347
vn -0.0453 0.9988 0.0188
vn -0.0481 0.9988 0.0096
vn -0.0491 0.9988 -0.0000
vn -0.0481 0.9988 -0.0096
vn -0.0453 0.9988 -0.0188
vn -0.0408 0.9988 -0.0273
vn -0.0347 0.9988 -0.0347
vn -0.0273 0.9988 -0.0408
vn -0.0188 0.9988 -0.0453
vn -0.0096 0.9988 -0.0481
vt 0.937505 0.031318
vt 0.968752 0.062564
vt 0.968752 0.031318
vt 0.906257 0.062564
vt 0.937505 0.062564
vt 0.875009 0.031318
vt 0.906257 0.031318
vt 0.843761 0.062564
vt 0.875009 0.062564
vt 0.812514 0.031318
vt 0.843761 0.031318
vt 0.781266 0.031318
vt 0.812514 0.062564
vt 0.750018 0.031318
vt 0.781266 0.062564
vt 0.718770 0.062564
vt 0.750018 0.062564
vt 0.718770 0.031318
vt 0.687523 0.062563
vt 0.656275 0.031318
vt 0.687523 0.031318
vt 0.625027 0.062563
vt 0.656275 0.062563
vt 0.593779 0.031318
vt 0.625027 0.031318
vt 0.562532 0.031318
vt 0.593780 0.062563
vt 0.531284 0.062563
vt 0.562532 0.062563
vt 0.500036 0.031318
vt 0.531284 0.031318
vt 0.468789 0.062563
vt 0.500036 0.062563
vt 0.437541 0.031318
vt 0.468789 0.031318
vt 0.406293 0.062563
vt 0.437541 0.062563
vt 0.375045 0.031318
vt 0.406293 0.031318
vt 0.343798 0.031318
vt 0.375045 0.062563
vt 0.312550 0.062563
vt 0.343798 0.062563
vt 0.281302 0.031318
vt 0.312550 0.031318
vt 0.250054 0.062563
vt 0.281302 0.062563
vt 0.218807 0.031318
vt 0.250054 0.031318
vt 0.187559 0.062563
vt 0.218807 0.062563
vt 0.187559 0.031318
vt 0.156311 0.062563
vt 0.125063 0.031318
vt 0.156311 0.031318
vt 0.093816 0.062563
vt 0.125063 0.062563
vt 0.062568 0.031318
vt 0.093816 0.031318
vt 0.031320 0.062563
vt 0.062568 0.062563
vt 0.968752 0.093809
vt 0.906257 0.093809
vt 0.937505 0.093809
vt 0.875009 0.093809
vt 0.843761 0.093809
vt 0.781266 0.093809
vt 0.812514 0.093809
vt 0.718770 0.093809
vt 0.750018 0.093809
vt 0.687523 0.093809
vt 0.625027 0.093809
vt 0.656275 0.093809
vt 0.593780 0.093809
vt 0.531284 0.093809
vt 0.562532 0.093809
vt 0.468789 0.093809
vt 0.500036 0.093809
vt 0.406293 0.093809
vt 0.437541 0.093809
vt 0.375045 0.093809
vt 0.312550 0.093809
vt 0.343798 0.093809
vt 0.281302 0.093809
vt 0.218807 0.093809
vt 0.250054 0.093809
vt 0.187559 0.093809
vt 0.156311 0.093809
vt 0.093816 0.093809
vt 0.125063 0.093809
vt 0.031320 0.093809
vt 0.062568 0.093809
vt 0.968752 0.125055
vt 0.906257 0.125054
vt 0.937505 0.125055
vt 0.875009 0.125054
vt 0.843761 0.125054
vt 0.781266 0.125054
vt 0.812514 0.125054
vt 0.718771 0.125054
vt 0.750018 0.125054
vt 0.687523 0.125054
vt 0.656275 0.125054
vt 0.625027 0.125054
vt 0.593780 0.125054
vt 0.531284 0.125054
vt 0.562532 0.125054
vt 0.500036 0.125054
vt 0.437541 0.125054
vt 0.468789 0.125054
vt 0.375045 0.125054
vt 0.406293 0.125054
vt 0.312550 0.125054
vt 0.343798 0.125054
vt 0.281302 0.125054
vt 0.218807 0.125054
vt 0.250054 0.125054
vt 0.187559 0.125054
vt 0.125063 0.125054
vt 0.156311 0.125054
vt 0.062568 0.125054
vt 0.093816 0.125054
vt 0.937505 0.156300
vt 0.968752 0.156300
vt 0.906257 0.156300
vt 0.875009 0.156300
vt 0.812514 0.156300
vt 0.843761 0.156300
vt 0.781266 0.156300
vt 0.718770 0.156300
vt 0.750018 0.156300
vt 0.687523 0.156300
vt 0.625027 0.156300
vt 0.656275 0.156300
vt 0.593780 0.156300
vt 0.562532 0.156300
vt 0.531284 0.156300
vt 0.500036 0.156300
vt 0.437541 0.156300
vt 0.468789 0.156300
vt 0.406293 0.156300
vt 0.375045 0.156300
vt 0.343798 0.156300
vt 0.281302 0.156300
vt 0.312550 0.156300
vt 0.218807 0.156300
vt 0.250054 0.156300
vt 0.187559 0.156300
vt 0.156311 0.156300
vt 0.125063 0.156300
vt 0.062568 0.156300
vt 0.093816 0.156300
vt 0.031320 0.125054
vt 0.937505 0.187545
vt 0.968752 0.187545
vt 0.875009 0.187545
vt 0.906257 0.187545
vt 0.843761 0.187545
vt 0.812514 0.187545
vt 0.781266 0.187545
vt 0.718770 0.187545
vt 0.750018 0.187545
vt 0.687523 0.187545
vt 0.656275 0.187545
vt 0.625027 0.187545
vt 0.593780 0.187545
vt 0.562532 0.187545
vt 0.531284 0.187545
vt 0.468789 0.187545
vt 0.500036 0.187545
vt 0.437541 0.187545
vt 0.375045 0.187545
vt 0.406293 0.187545
vt 0.343798 0.187545
vt 0.312550 0.187545
vt 0.281302 0.187545
vt 0.218807 0.187545
vt 0.250054 0.187545
vt 0.187559 0.187545
vt 0.125063 0.187545
vt 0.156311 0.187545
vt 0.062568 0.187545
vt 0.093816 0.187545
vt 0.031320 0.156300
vt 0.968752 0.218791
vt 0.937505 0.218791
vt 0.906257 0.218791
vt 0.843761 0.218791
vt 0.875009 0.218791
vt 0.812514 0.218791
vt 0.781266 0.218791
vt 0.718770 0.218791
vt 0.750018 0.218791
vt 0.656275 0.218791
vt 0.687523 0.218791
vt 0.625027 0.218791
vt 0.593780 0.218791
vt 0.531284 0.218791
vt 0.562532 0.218791
vt 0.500036 0.218791
vt 0.437541 0.218791
vt 0.468789 0.218791
vt 0.406293 0.218791
vt 0.375045 0.218791
vt 0.343798 0.218791
vt 0.281302 0.218791
vt 0.312550 0.218791
vt 0.218807 0.218791
vt 0.250054 0.218791
vt 0.187559 0.218791
vt 0.125063 0.218791
vt 0.156311 0.218791
vt 0.093816 0.218791
vt 0.031320 0.218791
vt 0.062568 0.218791
vt 0.937505 0.250036
vt 0.968752 0.250036
vt 0.906257 0.250036
vt 0.843761 0.250036
vt 0.875009 0.250036
vt 0.812514 0.250036
vt 0.781266 0.250036
vt 0.718771 0.250036
vt 0.750018 0.250036
vt 0.687523 0.250036
vt 0.656275 0.250036
vt 0.593780 0.250036
vt 0.625027 0.250036
vt 0.531284 0.250036
vt 0.562532 0.250036
vt 0.500036 0.250036
vt 0.437541 0.250036
vt 0.468789 0.250036
vt 0.406293 0.250036
vt 0.343798 0.250036
vt 0.375045 0.250036
vt 0.312550 0.250036
vt 0.250054 0.250036
vt 0.281302 0.250036
vt 0.218807 0.250036
vt 0.187559 0.250036
vt 0.156311 0.250036
vt 0.125063 0.250036
vt 0.093816 0.250036
vt 0.062568 0.250036
vt 0.937505 0.281282
vt 0.968752 0.281282
vt 0.906257 0.281282
vt 0.843761 0.281282
vt 0.875009 0.281282
vt 0.812514 0.281282
vt 0.781266 0.281282
vt 0.750018 0.281282
vt 0.718770 0.281282
vt 0.687523 0.281282
vt 0.656275 0.281282
vt 0.625027 0.281282
vt 0.593780 0.281282
vt 0.562532 0.281282
vt 0.531284 0.281282
vt 0.468789 0.281282
vt 0.500036 0.281282
vt 0.437541 0.281282
vt 0.375045 0.281282
vt 0.406293 0.281282
vt 0.343798 0.281282
vt 0.312550 0.281282
vt 0.281302 0.281282
vt 0.250054 0.281282
vt 0.218807 0.281282
vt 0.187559 0.281282
vt 0.156311 0.281282
vt 0.125063 0.281282
vt 0.062568 0.281282
vt 0.093816 0.281282
vt 0.031320 0.250036
vt 0.968752 0.312527
vt 0.906257 0.312527
vt 0.937505 0.312527
vt 0.875009 0.312527
vt 0.843761 0.312527
vt 0.812514 0.312527
vt 0.750018 0.312527
vt 0.781266 0.312527
vt 0.718770 0.312527
vt 0.687523 0.312527
vt 0.656275 0.312527
vt 0.625027 0.312527
vt 0.593780 0.312527
vt 0.562532 0.312527
vt 0.500036 0.312527
vt 0.531284 0.312527
vt 0.468789 0.312527
vt 0.406293 0.312527
vt 0.437541 0.312527
vt 0.375045 0.312527
vt 0.343798 0.312527
vt 0.312550 0.312527
vt 0.281302 0.312527
vt 0.250054 0.312527
vt 0.187559 0.312527
vt 0.218807 0.312527
vt 0.156311 0.312527
vt 0.125063 0.312527
vt 0.093816 0.312527
vt 0.031320 0.281282
vt 0.062568 0.312527
vt 0.968752 0.343773
vt 0.906257 0.343773
vt 0.937505 0.343773
vt 0.875009 0.343773
vt 0.812514 0.343773
vt 0.843761 0.343773
vt 0.781266 0.343773
vt 0.750018 0.343773
vt 0.718771 0.343773
vt 0.687523 0.343773
vt 0.625027 0.343773
vt 0.656275 0.343773
vt 0.593780 0.343773
vt 0.531284 0.343773
vt 0.562532 0.343773
vt 0.500036 0.343773
vt 0.437541 0.343773
vt 0.468789 0.343773
vt 0.406293 0.343773
vt 0.375045 0.343773
vt 0.343798 0.343773
vt 0.312550 0.343773
vt 0.281302 0.343773
vt 0.250054 0.343773
vt 0.218807 0.343773
vt 0.187559 0.343773
vt 0.125063 0.343773
vt 0.156311 0.343773
vt 0.062568 0.343773
vt 0.093816 0.343773
vt 0.031320 0.343773
vt 0.968752 0.375018
vt 0.937505 0.375018
vt 0.906257 0.375018
vt 0.843761 0.375018
vt 0.875009 0.375018
vt 0.812514 0.375018
vt 0.781266 0.375018
vt 0.718770 0.375018
vt 0.750018 0.375018
vt 0.687523 0.375018
vt 0.625027 0.375018
vt 0.656275 0.375018
vt 0.593780 0.375018
vt 0.562532 0.375018
vt 0.500036 0.375018
vt 0.531284 0.375018
vt 0.468789 0.375018
vt 0.406293 0.375018
vt 0.437541 0.375018
vt 0.375045 0.375018
vt 0.343798 0.375018
vt 0.312550 0.375018
vt 0.250054 0.375018
vt 0.281302 0.375018
vt 0.218807 0.375018
vt 0.187559 0.375018
vt 0.156311 0.375018
vt 0.125063 0.375018
vt 0.062568 0.375018
vt 0.093816 0.375018
vt 0.031320 0.375018
vt 0.937505 0.406264
vt 0.968752 0.406264
vt 0.906257 0.406264
vt 0.843761 0.406264
vt 0.875009 0.406264
vt 0.812514 0.406264
vt 0.781266 0.406264
vt 0.750018 0.406264
vt 0.687523 0.406264
vt 0.718770 0.406264
vt 0.656275 0.406264
vt 0.625027 0.406264
vt 0.562532 0.406264
vt 0.593780 0.406264
vt 0.531284 0.406264
vt 0.468789 0.406264
vt 0.500036 0.406264
vt 0.437541 0.406264
vt 0.375045 0.406264
vt 0.406293 0.406264
vt 0.343798 0.406264
vt 0.312550 0.406264
vt 0.250054 0.406264
vt 0.281302 0.406264
vt 0.218807 0.406264
vt 0.187559 0.406264
vt 0.156311 0.406264
vt 0.093816 0.406263
vt 0.125063 0.406264
vt 0.062568 0.406263
vt 0.968752 0.437509
vt 0.906257 0.437509
vt 0.937505 0.437509
vt 0.875009 0.437509
vt 0.843761 0.437509
vt 0.781266 0.437509
vt 0.812514 0.437509
vt 0.718771 0.437509
vt 0.750018 0.437509
vt 0.687523 0.437509
vt 0.625027 0.437509
vt 0.656275 0.437509
vt 0.593780 0.437509
vt 0.562532 0.437509
vt 0.531284 0.437509
vt 0.500036 0.437509
vt 0.437541 0.437509
vt 0.468789 0.437509
vt 0.406293 0.437509
vt 0.375045 0.437509
vt 0.312550 0.437509
vt 0.343798 0.437509
vt 0.281302 0.437509
vt 0.250054 0.437509
vt 0.218807 0.437509
vt 0.156311 0.437509
vt 0.187559 0.437509
vt 0.125063 0.437509
vt 0.093816 0.437509
vt 0.031320 0.437509
vt 0.062568 0.437509
vt 0.937505 0.468755
vt 0.968752 0.468755
vt 0.906257 0.468755
vt 0.875009 0.468755
vt 0.843761 0.468755
vt 0.812514 0.468755
vt 0.750018 0.468755
vt 0.781266 0.468755
vt 0.687523 0.468755
vt 0.718770 0.468755
vt 0.656275 0.468755
vt 0.625027 0.468755
vt 0.593780 0.468755
vt 0.562532 0.468755
vt 0.500036 0.468755
vt 0.531284 0.468755
vt 0.437541 0.468755
vt 0.468789 0.468755
vt 0.406293 0.468755
vt 0.375045 0.468754
vt 0.343798 0.468755
vt 0.312550 0.468755
vt 0.250054 0.468754
vt 0.281302 0.468754
vt 0.218807 0.468754
vt 0.187559 0.468755
vt 0.125063 0.468754
vt 0.156311 0.468754
vt 0.093816 0.468754
vt 0.062568 0.468754
vt 0.937505 0.500000
vt 0.968752 0.500000
vt 0.906257 0.500000
vt 0.875009 0.500000
vt 0.843761 0.500000
vt 0.812514 0.500000
vt 0.781266 0.500000
vt 0.718771 0.500000
vt 0.750018 0.500000
vt 0.687523 0.500000
vt 0.656275 0.500000
vt 0.625027 0.500000
vt 0.562532 0.500000
vt 0.593780 0.500000
vt 0.531284 0.500000
vt 0.468789 0.500000
vt 0.500036 0.500000
vt 0.437541 0.500000
vt 0.406293 0.500000
vt 0.343798 0.500000
vt 0.375045 0.500000
vt 0.312550 0.500000
vt 0.281302 0.500000
vt 0.250054 0.500000
vt 0.218807 0.500000
vt 0.156311 0.500000
vt 0.187559 0.500000
vt 0.125063 0.500000
vt 0.093816 0.500000
vt 0.031320 0.468754
vt 0.062568 0.500000
vt 0.968752 0.531246
vt 0.937505 0.531246
vt 0.906257 0.531246
vt 0.875009 0.531246
vt 0.843761 0.531246
vt 0.812514 0.531246
vt 0.781266 0.531246
vt 0.750018 0.531246
vt 0.718770 0.531246
vt 0.687523 0.531246
vt 0.656275 0.531246
vt 0.625027 0.531246
vt 0.593779 0.531246
vt 0.562532 0.531245
vt 0.500036 0.531245
vt 0.531284 0.531246
vt 0.468789 0.531246
vt 0.406293 0.531245
vt 0.437541 0.531245
vt 0.375045 0.531245
vt 0.343798 0.531245
vt 0.312550 0.531245
vt 0.281302 0.531245
vt 0.218807 0.531245
vt 0.250054 0.531245
vt 0.187559 0.531245
vt 0.125063 0.531245
vt 0.156311 0.531245
vt 0.093816 0.531245
vt 0.062568 0.531245
vt 0.031320 0.500000
vt 0.968752 0.562491
vt 0.937505 0.562491
vt 0.875009 0.562491
vt 0.906257 0.562491
vt 0.843761 0.562491
vt 0.812514 0.562491
vt 0.750018 0.562491
vt 0.781266 0.562491
vt 0.718770 0.562491
vt 0.687523 0.562491
vt 0.656275 0.562491
vt 0.593780 0.562491
vt 0.625027 0.562491
vt 0.562532 0.562491
vt 0.531284 0.562491
vt 0.500036 0.562491
vt 0.468789 0.562491
vt 0.437541 0.562491
vt 0.406293 0.562491
vt 0.375045 0.562491
vt 0.312550 0.562491
vt 0.343798 0.562491
vt 0.281302 0.562491
vt 0.250054 0.562491
vt 0.218807 0.562491
vt 0.187559 0.562491
vt 0.156311 0.562491
vt 0.125063 0.562491
vt 0.062568 0.562491
vt 0.093816 0.562491
vt 0.031320 0.562491
vt 0.937505 0.593737
vt 0.968752 0.593737
vt 0.906257 0.593737
vt 0.843761 0.593737
vt 0.875009 0.593737
vt 0.812514 0.593737
vt 0.750018 0.593737
vt 0.781266 0.593737
vt 0.718770 0.593737
vt 0.687523 0.593737
vt 0.656275 0.593737
vt 0.625027 0.593737
vt 0.562532 0.593736
vt 0.593780 0.593737
vt 0.531284 0.593736
vt 0.468789 0.593736
vt 0.500036 0.593736
vt 0.437541 0.593736
vt 0.406293 0.593736
vt 0.343798 0.593736
vt 0.375045 0.593736
vt 0.312550 0.593736
vt 0.281302 0.593736
vt 0.250054 0.593736
vt 0.187559 0.593736
vt 0.218807 0.593736
vt 0.156311 0.593736
vt 0.125063 0.593736
vt 0.093816 0.593736
vt 0.062568 0.593736
vt 0.968752 0.624982
vt 0.937505 0.624982
vt 0.906257 0.624982
vt 0.875009 0.624982
vt 0.843761 0.624982
vt 0.812514 0.624982
vt 0.781266 0.624982
vt 0.750018 0.624982
vt 0.718771 0.624982
vt 0.687523 0.624982
vt 0.625027 0.624982
vt 0.656275 0.624982
vt 0.593780 0.624982
vt 0.531284 0.624982
vt 0.562532 0.624982
vt 0.500036 0.624982
vt 0.468789 0.624982
vt 0.406293 0.624982
vt 0.437541 0.624982
vt 0.375045 0.624982
vt 0.343798 0.624982
vt 0.281302 0.624982
vt 0.312550 0.624982
vt 0.218807 0.624982
vt 0.250054 0.624982
vt 0.187559 0.624982
vt 0.125063 0.624982
vt 0.156311 0.624982
vt 0.093816 0.624982
vt 0.031320 0.624982
vt 0.062568 0.624982
vt 0.937505 0.656227
vt 0.968752 0.656227
vt 0.906257 0.656228
vt 0.875009 0.656227
vt 0.812514 0.656228
vt 0.843761 0.656227
vt 0.781266 0.656228
vt 0.750018 0.656227
vt 0.718770 0.656227
vt 0.687523 0.656227
vt 0.656275 0.656227
vt 0.625027 0.656227
vt 0.562532 0.656227
vt 0.593779 0.656227
vt 0.531284 0.656227
vt 0.500036 0.656227
vt 0.468789 0.656227
vt 0.437541 0.656227
vt 0.406293 0.656227
vt 0.375045 0.656227
vt 0.312550 0.656227
vt 0.343798 0.656227
vt 0.281302 0.656227
vt 0.250054 0.656227
vt 0.218807 0.656227
vt 0.187559 0.656227
vt 0.125063 0.656227
vt 0.156311 0.656227
vt 0.093816 0.656227
vt 0.031320 0.656227
vt 0.062568 0.656227
vt 0.937505 0.687473
vt 0.968752 0.687473
vt 0.906257 0.687473
vt 0.843761 0.687473
vt 0.875009 0.687473
vt 0.812514 0.687473
vt 0.750018 0.687473
vt 0.781266 0.687473
vt 0.687523 0.687473
vt 0.718770 0.687473
vt 0.656275 0.687473
vt 0.593780 0.687473
vt 0.625027 0.687473
vt 0.562532 0.687473
vt 0.531284 0.687473
vt 0.468789 0.687473
vt 0.500036 0.687473
vt 0.437541 0.687473
vt 0.406293 0.687473
vt 0.375045 0.687473
vt 0.343798 0.687473
vt 0.312550 0.687473
vt 0.281302 0.687473
vt 0.250054 0.687473
vt 0.187559 0.687473
vt 0.218807 0.687473
vt 0.156311 0.687473
vt 0.093816 0.687473
vt 0.125063 0.687473
vt 0.062568 0.687473
vt 0.937505 0.718719
vt 0.968752 0.718719
vt 0.906257 0.718718
vt 0.875009 0.718718
vt 0.843761 0.718718
vt 0.781266 0.718718
vt 0.812514 0.718718
vt 0.718771 0.718718
vt 0.750018 0.718718
vt 0.687523 0.718718
vt 0.656275 0.718718
vt 0.625027 0.718718
vt 0.593780 0.718718
vt 0.562532 0.718718
vt 0.531284 0.718718
vt 0.500036 0.718718
vt 0.468789 0.718718
vt 0.437541 0.718718
vt 0.375045 0.718718
vt 0.406293 0.718718
vt 0.312550 0.718718
vt 0.343798 0.718718
vt 0.281302 0.718718
vt 0.250054 0.718718
vt 0.218807 0.718718
vt 0.187559 0.718718
vt 0.156311 0.718718
vt 0.125063 0.718718
vt 0.093816 0.718718
vt 0.031320 0.718718
vt 0.062568 0.718718
vt 0.937505 0.749964
vt 0.968752 0.749964
vt 0.875009 0.749964
vt 0.906257 0.749964
vt 0.843761 0.749964
vt 0.781266 0.749964
vt 0.812514 0.749964
vt 0.750018 0.749964
vt 0.718771 0.749964
vt 0.687523 0.749964
vt 0.656275 0.749964
vt 0.625027 0.749964
vt 0.593780 0.749964
vt 0.531284 0.749964
vt 0.562532 0.749964
vt 0.500036 0.749964
vt 0.468789 0.749964
vt 0.406293 0.749964
vt 0.437541 0.749964
vt 0.375045 0.749964
vt 0.312550 0.749964
vt 0.343798 0.749964
vt 0.281302 0.749964
vt 0.250054 0.749964
vt 0.218807 0.749964
vt 0.156311 0.749964
vt 0.187559 0.749964
vt 0.125063 0.749964
vt 0.062568 0.749964
vt 0.093816 0.749964
vt 0.031320 0.749964
vt 0.937505 0.781209
vt 0.968752 0.781209
vt 0.875009 0.781209
vt 0.906257 0.781209
vt 0.843761 0.781209
vt 0.781266 0.781209
vt 0.812514 0.781209
vt 0.750018 0.781209
vt 0.687523 0.781209
vt 0.718770 0.781209
vt 0.656275 0.781209
vt 0.625027 0.781209
vt 0.593780 0.781209
vt 0.531284 0.781209
vt 0.562532 0.781209
vt 0.468789 0.781209
vt 0.500036 0.781209
vt 0.437541 0.781209
vt 0.406293 0.781209
vt 0.375045 0.781209
vt 0.343798 0.781209
vt 0.281302 0.781209
vt 0.312550 0.781209
vt 0.250054 0.781209
vt 0.187559 0.781209
vt 0.218807 0.781209
vt 0.156311 0.781209
vt 0.125063 0.781209
vt 0.093816 0.781209
vt 0.031320 0.781209
vt 0.062568 0.781209
vt 0.968752 0.812455
vt 0.937505 0.812455
vt 0.906257 0.812455
vt 0.875009 0.812455
vt 0.843761 0.812455
vt 0.812514 0.812455
vt 0.781266 0.812455
vt 0.718770 0.812455
vt 0.750018 0.812455
vt 0.687523 0.812455
vt 0.656275 0.812455
vt 0.593779 0.812455
vt 0.625027 0.812455
vt 0.562532 0.812455
vt 0.531284 0.812455
vt 0.468789 0.812455
vt 0.500036 0.812455
vt 0.437541 0.812455
vt 0.375045 0.812455
vt 0.406293 0.812455
vt 0.343798 0.812455
vt 0.312550 0.812455
vt 0.250054 0.812455
vt 0.281302 0.812455
vt 0.187559 0.812455
vt 0.218807 0.812455
vt 0.156311 0.812455
vt 0.125063 0.812455
vt 0.093816 0.812455
vt 0.062568 0.812455
vt 0.937505 0.843700
vt 0.968752 0.843700
vt 0.906257 0.843700
vt 0.875009 0.843700
vt 0.812514 0.843700
vt 0.843761 0.843700
vt 0.781266 0.843700
vt 0.750018 0.843700
vt 0.687523 0.843700
vt 0.718770 0.843700
vt 0.656275 0.843700
vt 0.625027 0.843700
vt 0.562532 0.843700
vt 0.593780 0.843700
vt 0.531284 0.843700
vt 0.500036 0.843700
vt 0.468789 0.843700
vt 0.437541 0.843700
vt 0.406293 0.843700
vt 0.375045 0.843700
vt 0.343798 0.843700
vt 0.281302 0.843700
vt 0.312550 0.843700
vt 0.250054 0.843700
vt 0.187559 0.843700
vt 0.218807 0.843700
vt 0.156311 0.843700
vt 0.125063 0.843700
vt 0.093816 0.843700
vt 0.031320 0.843700
vt 0.062568 0.843700
vt 0.937505 0.874946
vt 0.968752 0.874946
vt 0.875009 0.874946
vt 0.906257 0.874946
vt 0.843761 0.874946
vt 0.781266 0.874946
vt 0.812514 0.874946
vt 0.750018 0.874946
vt 0.687523 0.874946
vt 0.718770 0.874946
vt 0.656275 0.874946
vt 0.625027 0.874946
vt 0.562532 0.874946
vt 0.593780 0.874946
vt 0.531284 0.874946
vt 0.500036 0.874946
vt 0.468789 0.874946
vt 0.437541 0.874946
vt 0.406293 0.874946
vt 0.375045 0.874946
vt 0.343798 0.874946
vt 0.281302 0.874946
vt 0.312550 0.874946
vt 0.250054 0.874946
vt 0.218807 0.874946
vt 0.156311 0.874946
vt 0.187559 0.874946
vt 0.125063 0.874946
vt 0.093816 0.874946
vt 0.031320 0.874946
vt 0.062568 0.874946
vt 0.937505 0.906191
vt 0.968752 0.906191
vt 0.875009 0.906191
vt 0.906257 0.906191
vt 0.843761 0.906191
vt 0.812514 0.906191
vt 0.750018 0.906191
vt 0.781266 0.906191
vt 0.718770 0.906191
vt 0.687523 0.906191
vt 0.625027 0.906191
vt 0.656275 0.906191
vt 0.562532 0.906191
vt 0.593780 0.906191
vt 0.531284 0.906191
vt 0.468789 0.906191
vt 0.500036 0.906191
vt 0.406293 0.906191
vt 0.437541 0.906191
vt 0.375045 0.906191
vt 0.312550 0.906191
vt 0.343798 0.906191
vt 0.250054 0.906191
vt 0.281302 0.906191
vt 0.187559 0.906191
vt 0.218807 0.906191
vt 0.125063 0.906191
vt 0.156311 0.906191
vt 0.093816 0.906191
vt 0.062568 0.906191
vt 0.937505 0.937437
vt 0.968752 0.937437
vt 0.875009 0.937437
vt 0.906257 0.937437
vt 0.843761 0.937437
vt 0.812514 0.937437
vt 0.750018 0.937437
vt 0.781266 0.937437
vt 0.687523 0.937437
vt 0.718770 0.937437
vt 0.625027 0.937437
vt 0.656275 0.937437
vt 0.562532 0.937437
vt 0.593779 0.937437
vt 0.531284 0.937437
vt 0.468789 0.937437
vt 0.500036 0.937437
vt 0.406293 0.937437
vt 0.437541 0.937437
vt 0.375045 0.937437
vt 0.312550 0.937437
vt 0.343798 0.937437
vt 0.250054 0.937437
vt 0.281302 0.937437
vt 0.187559 0.937437
vt 0.218807 0.937437
vt 0.125063 0.937437
vt 0.156311 0.937437
vt 0.062568 0.937436
vt 0.093816 0.937437
vt 0.031320 0.906191
vt 0.937505 0.968682
vt 0.968752 0.968682
vt 0.906257 0.968682
vt 0.843761 0.968682
vt 0.875009 0.968682
vt 0.781266 0.968682
vt 0.812514 0.968682
vt 0.750018 0.968682
vt 0.687523 0.968682
vt 0.718770 0.968682
vt 0.656275 0.968682
vt 0.625027 0.968682
vt 0.562532 0.968682
vt 0.593780 0.968682
vt 0.531284 0.968682
vt 0.468789 0.968682
vt 0.500036 0.968682
vt 0.437541 0.968682
vt 0.375045 0.968682
vt 0.406293 0.968682
vt 0.343798 0.968682
vt 0.312550 0.968682
vt 0.250054 0.968682
vt 0.281302 0.968682
vt 0.218807 0.968682
vt 0.187559 0.968682
vt 0.125063 0.968682
vt 0.156311 0.968682
vt 0.062568 0.968682
vt 0.093816 0.968682
vt 0.031320 0.937437
vt 0.968752 0.015695
vt 1.000000 0.031318
vt 0.999975 0.015695
vt 0.937505 0.015695
vt 0.968727 0.015695
vt 0.937480 0.015695
vt 0.906257 0.015695
vt 0.875009 0.015695
vt 0.906232 0.015695
vt 0.874984 0.015695
vt 0.843761 0.015695
vt 0.812514 0.015695
vt 0.843737 0.015695
vt 0.781266 0.015695
vt 0.812489 0.015695
vt 0.750018 0.015695
vt 0.781241 0.015695
vt 0.749993 0.015695
vt 0.718770 0.015695
vt 0.718746 0.015695
vt 0.687523 0.015695
vt 0.656275 0.015695
vt 0.687498 0.015695
vt 0.656250 0.015695
vt 0.625027 0.015695
vt 0.625002 0.015695
vt 0.593780 0.015695
vt 0.593755 0.015695
vt 0.562532 0.015695
vt 0.562507 0.015695
vt 0.531284 0.015695
vt 0.531259 0.015695
vt 0.500036 0.015695
vt 0.500011 0.015695
vt 0.468789 0.015695
vt 0.437541 0.015695
vt 0.468764 0.015695
vt 0.437516 0.015695
vt 0.406293 0.015695
vt 0.375045 0.015695
vt 0.406268 0.015695
vt 0.343798 0.015695
vt 0.375020 0.015695
vt 0.343773 0.015695
vt 0.312550 0.015695
vt 0.281302 0.015695
vt 0.312525 0.015695
vt 0.281277 0.015695
vt 0.250054 0.015695
vt 0.218807 0.015695
vt 0.250030 0.015695
vt 0.218782 0.015695
vt 0.187559 0.015695
vt 0.187534 0.015695
vt 0.156311 0.015695
vt 0.125063 0.015695
vt 0.156286 0.015695
vt 0.093816 0.015695
vt 0.125039 0.015695
vt 0.062568 0.015695
vt 0.093791 0.015695
vt 0.031320 0.015695
vt 0.062543 0.015695
vt 0.000072 0.015695
vt 0.031320 0.031318
vt 0.031295 0.015695
vt 0.000072 0.031318
vt 0.000072 0.093809
vt 0.000072 0.125054
vt 0.000072 0.156300
vt 0.000072 0.187545
vt 0.031320 0.187545
vt 0.000072 0.250036
vt 0.000072 0.281282
vt 0.031320 0.312527
vt 0.000072 0.343773
vt 0.000072 0.375018
vt 0.031320 0.406263
vt 0.000072 0.437509
vt 0.000072 0.468754
vt 0.000072 0.500000
vt 0.031320 0.531245
vt 0.000072 0.562491
vt 0.031320 0.593736
vt 0.000072 0.624982
vt 0.000072 0.656227
vt 0.031320 0.687473
vt 0.000072 0.718718
vt 0.000072 0.749964
vt 0.000072 0.781209
vt 0.031320 0.812455
vt 0.000072 0.812455
vt 0.000072 0.874946
vt 0.000072 0.906191
vt 0.000072 0.968682
vt 0.031320 0.968682
vt 0.031320 0.999927
vt 0.062568 0.999927
vt 0.093816 0.999928
vt 0.125063 0.999927
vt 0.156311 0.999928
vt 0.187559 0.999927
vt 0.218807 0.999928
vt 0.250054 0.999928
vt 0.281302 0.999928
vt 0.312550 0.999928
vt 0.343798 0.999928
vt 0.375045 0.999928
vt 0.406293 0.999928
vt 0.437541 0.999928
vt 0.468789 0.999928
vt 0.500036 0.999928
vt 0.531284 0.999928
vt 0.562532 0.999928
vt 0.593780 0.999928
vt 0.625027 0.999928
vt 0.656275 0.999928
vt 0.687523 0.999928
vt 0.718770 0.999928
vt 0.750018 0.999928
vt 0.781266 0.999928
vt 0.812514 0.999928
vt 0.843761 0.999928
vt 0.875009 0.999928
vt 0.906257 0.999928
vt 0.937505 0.999928
vt 0.968752 0.999928
vt 1.000000 0.968682
vt 1.000000 0.999928
vt 1.000000 0.937437
vt 1.000000 0.906191
vt 1.000000 0.874946
vt 1.000000 0.843700
vt 1.000000 0.812455
vt 1.000000 0.781209
vt 1.000000 0.749964
vt 1.000000 0.718718
vt 1.000000 0.687473
vt 1.000000 0.656228
vt 1.000000 0.624982
vt 1.000000 0.593737
vt 1.000000 0.562491
vt 1.000000 0.531246
vt 1.000000 0.500000
vt 1.000000 0.468755
vt 1.000000 0.437509
vt 1.000000 0.406264
vt 1.000000 0.375018
vt 1.000000 0.343773
vt 1.000000 0.312527
vt 1.000000 0.281282
vt 1.000000 0.250036
vt 1.000000 0.218791
vt 1.000000 0.187545
vt 1.000000 0.156300
vt 1.000000 0.125055
vt 1.000000 0.093809
vt 1.000000 0.062564
vt 0.000072 0.007884
vt 0.031369 0.007884
vt 0.031320 0.007884
vt 0.062617 0.007884
vt 0.062568 0.007884
vt 0.093864 0.007884
vt 0.093816 0.007884
vt 0.125112 0.007884
vt 0.125063 0.007884
vt 0.156360 0.007884
vt 0.187608 0.007884
vt 0.156311 0.007884
vt 0.218855 0.007884
vt 0.187559 0.007884
vt 0.218807 0.007884
vt 0.250103 0.007884
vt 0.281351 0.007884
vt 0.250054 0.007884
vt 0.281302 0.007884
vt 0.312599 0.007884
vt 0.343846 0.007884
vt 0.312550 0.007884
vt 0.343798 0.007884
vt 0.375094 0.007884
vt 0.375045 0.007884
vt 0.406342 0.007884
vt 0.437590 0.007884
vt 0.406293 0.007884
vt 0.437541 0.007884
vt 0.468837 0.007884
vt 0.500085 0.007884
vt 0.468789 0.007884
vt 0.531333 0.007884
vt 0.500036 0.007884
vt 0.562581 0.007884
vt 0.531284 0.007884
vt 0.593828 0.007884
vt 0.562532 0.007884
vt 0.625076 0.007884
vt 0.593780 0.007884
vt 0.656324 0.007884
vt 0.625027 0.007884
vt 0.656275 0.007884
vt 0.687571 0.007884
vt 0.718819 0.007884
vt 0.687523 0.007884
vt 0.750067 0.007884
vt 0.718770 0.007884
vt 0.750018 0.007884
vt 0.781315 0.007884
vt 0.781266 0.007884
vt 0.812562 0.007884
vt 0.812514 0.007884
vt 0.843810 0.007884
vt 0.875058 0.007884
vt 0.843761 0.007884
vt 0.875009 0.007884
vt 0.906306 0.007884
vt 0.937553 0.007884
vt 0.906257 0.007884
vt 0.937505 0.007884
vt 0.968801 0.007884
vt 0.968752 0.007884
vt 1.000049 0.007884
vt 0.968752 0.000073
vt 0.937505 0.000073
vt 0.906257 0.000073
vt 0.875009 0.000073
vt 0.843761 0.000073
vt 0.812514 0.000073
vt 0.781266 0.000073
vt 0.750018 0.000073
vt 0.718770 0.000073
vt 0.687523 0.000073
vt 0.656275 0.000073
vt 0.625027 0.000073
vt 0.593780 0.000073
vt 0.562532 0.000073
vt 0.531284 0.000072
vt 0.500036 0.000072
vt 0.468789 0.000072
vt 0.437541 0.000072
vt 0.406293 0.000072
vt 0.375045 0.000072
vt 0.343798 0.000072
vt 0.312550 0.000072
vt 0.281302 0.000072
vt 0.250054 0.000072
vt 0.218807 0.000072
vt 0.187559 0.000072
vt 0.156311 0.000072
vt 0.125063 0.000072
vt 0.093816 0.000072
vt 0.062568 0.000072
vt 0.031320 0.000072
vt 0.000072 0.000072
vt 0.000072 0.062563
vt 0.000072 0.218791
vt 0.000072 0.312527
vt 0.000072 0.406263
vt 0.000072 0.531245
vt 0.000072 0.593736
vt 0.000072 0.687473
vt 0.000072 0.843700
vt 0.000072 0.937437
s 1
usemtl Skydome
f 35/1/35 65/2/65 34/3/34
f 35/1/35 67/4/67 66/5/66
f 37/6/37 67/4/67 36/7/36
f 37/6/37 69/8/69 68/9/68
f 39/10/39 69/8/69 38/11/38
f 40/12/40 70/13/70 39/10/39
f 41/14/41 71/15/71 40/12/40
f 41/14/41 73/16/73 72/17/72
f 42/18/42 74/19/74 73/16/73
f 44/20/44 74/19/74 43/21/43
f 44/20/44 76/22/76 75/23/75
f 46/24/46 76/22/76 45/25/45
f 47/26/47 77/27/77 46/24/46
f 47/26/47 79/28/79 78/29/78
f 49/30/49 79/28/79 48/31/48
f 49/30/49 81/32/81 80/33/80
f 51/34/51 81/32/81 50/35/50
f 51/34/51 83/36/83 82/37/82
f 53/38/53 83/36/83 52/39/52
f 54/40/54 84/41/84 53/38/53
f 54/40/54 86/42/86 85/43/85
f 56/44/56 86/42/86 55/45/55
f 56/44/56 88/46/88 87/47/87
f 58/48/58 88/46/88 57/49/57
f 58/48/58 90/50/90 89/51/89
f 59/52/59 91/53/91 90/50/90
f 61/54/61 91/53/91 60/55/60
f 61/54/61 93/56/93 92/57/92
f 63/58/63 93/56/93 62/59/62
f 63/58/63 95/60/95 94/61/94
f 66/5/66 96/62/96 65/2/65
f 66/5/66 98/63/98 97/64/97
f 67/4/67 99/65/99 98/63/98
f 68/9/68 100/66/100 99/65/99
f 70/13/70 100/66/100 69/8/69
f 70/13/70 102/67/102 101/68/101
f 72/17/72 102/67/102 71/15/71
f 72/17/72 104/69/104 103/70/103
f 73/16/73 105/71/105 104/69/104
f 75/23/75 105/71/105 74/19/74
f 75/23/75 107/72/107 106/73/106
f 77/27/77 107/72/107 76/22/76
f 78/29/78 108/74/108 77/27/77
f 78/29/78 110/75/110 109/76/109
f 80/33/80 110/75/110 79/28/79
f 80/33/80 112/77/112 111/78/111
f 82/37/82 112/77/112 81/32/81
f 82/37/82 114/79/114 113/80/113
f 83/36/83 115/81/115 114/79/114
f 85/43/85 115/81/115 84/41/84
f 85/43/85 117/82/117 116/83/116
f 87/47/87 117/82/117 86/42/86
f 88/46/88 118/84/118 87/47/87
f 88/46/88 120/85/120 119/86/119
f 90/50/90 120/85/120 89/51/89
f 91/53/91 121/87/121 90/50/90
f 92/57/92 122/88/122 91/53/91
f 92/57/92 124/89/124 123/90/123
f 94/61/94 124/89/124 93/56/93
f 94/61/94 126/91/126 125/92/125
f 97/64/97 127/93/127 96/62/96
f 97/64/97 129/94/129 128/95/128
f 99/65/99 129/94/129 98/63/98
f 100/66/100 130/96/130 99/65/99
f 101/68/101 131/97/131 100/66/100
f 101/68/101 133/98/133 132/99/132
f 103/70/103 133/98/133 102/67/102
f 103/70/103 135/100/135 134/101/134
f 104/69/104 136/102/136 135/100/135
f 106/73/106 136/102/136 105/71/105
f 107/72/107 137/103/137 106/73/106
f 108/74/108 138/104/138 107/72/107
f 109/76/109 139/105/139 108/74/108
f 109/76/109 141/106/141 140/107/140
f 111/78/111 141/106/141 110/75/110
f 112/77/112 142/108/142 111/78/111
f 112/77/112 144/109/144 143/110/143
f 114/79/114 144/109/144 113/80/113
f 114/79/114 146/111/146 145/112/145
f 116/83/116 146/111/146 115/81/115
f 116/83/116 148/113/148 147/114/147
f 117/82/117 149/115/149 148/113/148
f 119/86/119 149/115/149 118/84/118
f 119/86/119 151/116/151 150/117/150
f 121/87/121 151/116/151 120/85/120
f 122/88/122 152/118/152 121/87/121
f 122/88/122 154/119/154 153/120/153
f 124/89/124 154/119/154 123/90/123
f 124/89/124 156/121/156 155/122/155
f 126/91/126 156/121/156 125/92/125
f 127/93/127 159/123/159 158/124/158
f 128/95/128 160/125/160 159/123/159
f 129/94/129 161/126/161 160/125/160
f 131/97/131 161/126/161 130/96/130
f 131/97/131 163/127/163 162/128/162
f 133/98/133 163/127/163 132/99/132
f 134/101/134 164/129/164 133/98/133
f 134/101/134 166/130/166 165/131/165
f 136/102/136 166/130/166 135/100/135
f 137/103/137 167/132/167 136/102/136
f 137/103/137 169/133/169 168/134/168
f 139/105/139 169/133/169 138/104/138
f 140/107/140 170/135/170 139/105/139
f 141/106/141 171/136/171 140/107/140
f 142/108/142 172/137/172 141/106/141
f 143/110/143 173/138/173 142/108/142
f 143/110/143 175/139/175 174/140/174
f 144/109/144 176/141/176 175/139/175
f 145/112/145 177/142/177 176/141/176
f 147/114/147 177/142/177 146/111/146
f 148/113/148 178/143/178 147/114/147
f 148/113/148 180/144/180 179/145/179
f 150/117/150 180/144/180 149/115/149
f 150/117/150 182/146/182 181/147/181
f 151/116/151 183/148/183 182/146/182
f 152/118/152 184/149/184 183/148/183
f 153/120/153 185/150/185 184/149/184
f 155/122/155 185/150/185 154/119/154
f 155/122/155 187/151/187 186/152/186
f 157/153/157 187/151/187 156/121/156
f 158/124/158 190/154/190 189/155/189
f 160/125/160 190/154/190 159/123/159
f 160/125/160 192/156/192 191/157/191
f 161/126/161 193/158/193 192/156/192
f 162/128/162 194/159/194 193/158/193
f 163/127/163 195/160/195 194/159/194
f 165/131/165 195/160/195 164/129/164
f 165/131/165 197/161/197 196/162/196
f 166/130/166 198/163/198 197/161/197
f 168/134/168 198/163/198 167/132/167
f 169/133/169 199/164/199 168/134/168
f 170/135/170 200/165/200 169/133/169
f 171/136/171 201/166/201 170/135/170
f 172/137/172 202/167/202 171/136/171
f 173/138/173 203/168/203 172/137/172
f 173/138/173 205/169/205 204/170/204
f 175/139/175 205/169/205 174/140/174
f 176/141/176 206/171/206 175/139/175
f 176/141/176 208/172/208 207/173/207
f 177/142/177 209/174/209 208/172/208
f 179/145/179 209/174/209 178/143/178
f 180/144/180 210/175/210 179/145/179
f 181/147/181 211/176/211 180/144/180
f 181/147/181 213/177/213 212/178/212
f 182/146/182 214/179/214 213/177/213
f 184/149/184 214/179/214 183/148/183
f 184/149/184 216/180/216 215/181/215
f 186/152/186 216/180/216 185/150/185
f 186/152/186 218/182/218 217/183/217
f 188/184/188 218/182/218 187/151/187
f 190/154/190 220/185/220 189/155/189
f 191/157/191 221/186/221 190/154/190
f 192/156/192 222/187/222 191/157/191
f 192/156/192 224/188/224 223/189/223
f 194/159/194 224/188/224 193/158/193
f 195/160/195 225/190/225 194/159/194
f 196/162/196 226/191/226 195/160/195
f 196/162/196 228/192/228 227/193/227
f 198/163/198 228/192/228 197/161/197
f 198/163/198 230/194/230 229/195/229
f 199/164/199 231/196/231 230/194/230
f 201/166/201 231/196/231 200/165/200
f 202/167/202 232/197/232 201/166/201
f 202/167/202 234/198/234 233/199/233
f 203/168/203 235/200/235 234/198/234
f 205/169/205 235/200/235 204/170/204
f 205/169/205 237/201/237 236/202/236
f 206/171/206 238/203/238 237/201/237
f 207/173/207 239/204/239 238/203/238
f 209/174/209 239/204/239 208/172/208
f 210/175/210 240/205/240 209/174/209
f 210/175/210 242/206/242 241/207/241
f 212/178/212 242/206/242 211/176/211
f 212/178/212 244/208/244 243/209/243
f 214/179/214 244/208/244 213/177/213
f 215/181/215 245/210/245 214/179/214
f 215/181/215 247/211/247 246/212/246
f 217/183/217 247/211/247 216/180/216
f 218/182/218 248/213/248 217/183/217
f 218/182/218 250/214/250 249/215/249
f 220/185/220 252/216/252 251/217/251
f 221/186/221 253/218/253 252/216/252
f 223/189/223 253/218/253 222/187/222
f 223/189/223 255/219/255 254/220/254
f 224/188/224 256/221/256 255/219/255
f 226/191/226 256/221/256 225/190/225
f 227/193/227 257/222/257 226/191/226
f 227/193/227 259/223/259 258/224/258
f 228/192/228 260/225/260 259/223/259
f 229/195/229 261/226/261 260/225/260
f 231/196/231 261/226/261 230/194/230
f 231/196/231 263/227/263 262/228/262
f 233/199/233 263/227/263 232/197/232
f 233/199/233 265/229/265 264/230/264
f 235/200/235 265/229/265 234/198/234
f 236/202/236 266/231/266 235/200/235
f 236/202/236 268/232/268 267/233/267
f 237/201/237 269/234/269 268/232/268
f 239/204/239 269/234/269 238/203/238
f 239/204/239 271/235/271 270/236/270
f 241/207/241 271/235/271 240/205/240
f 242/206/242 272/237/272 241/207/241
f 242/206/242 274/238/274 273/239/273
f 243/209/243 275/240/275 274/238/274
f 244/208/244 276/241/276 275/240/275
f 245/210/245 277/242/277 276/241/276
f 246/212/246 278/243/278 277/242/277
f 247/211/247 279/244/279 278/243/278
f 248/213/248 280/245/280 279/244/279
f 250/214/250 280/245/280 249/215/249
f 251/217/251 283/246/283 282/247/282
f 253/218/253 283/246/283 252/216/252
f 254/220/254 284/248/284 253/218/253
f 254/220/254 286/249/286 285/250/285
f 255/219/255 287/251/287 286/249/286
f 257/222/257 287/251/287 256/221/256
f 258/224/258 288/252/288 257/222/257
f 259/223/259 289/253/289 258/224/258
f 260/225/260 290/254/290 259/223/259
f 261/226/261 291/255/291 260/225/260
f 262/228/262 292/256/292 261/226/261
f 263/227/263 293/257/293 262/228/262
f 264/230/264 294/258/294 263/227/263
f 265/229/265 295/259/295 264/230/264
f 266/231/266 296/260/296 265/229/265
f 266/231/266 298/261/298 297/262/297
f 268/232/268 298/261/298 267/233/267
f 269/234/269 299/263/299 268/232/268
f 269/234/269 301/264/301 300/265/300
f 270/236/270 302/266/302 301/264/301
f 272/237/272 302/266/302 271/235/271
f 273/239/273 303/267/303 272/237/272
f 274/238/274 304/268/304 273/239/273
f 275/240/275 305/269/305 274/238/274
f 276/241/276 306/270/306 275/240/275
f 277/242/277 307/271/307 276/241/276
f 278/243/278 308/272/308 277/242/277
f 279/244/279 309/273/309 278/243/278
f 279/244/279 311/274/311 310/275/310
f 281/276/281 311/274/311 280/245/280
f 283/246/283 313/277/313 282/247/282
f 283/246/283 315/278/315 314/279/314
f 284/248/284 316/280/316 315/278/315
f 285/250/285 317/281/317 316/280/316
f 286/249/286 318/282/318 317/281/317
f 288/252/288 318/282/318 287/251/287
f 288/252/288 320/283/320 319/284/319
f 289/253/289 321/285/321 320/283/320
f 290/254/290 322/286/322 321/285/321
f 291/255/291 323/287/323 322/286/322
f 292/256/292 324/288/324 323/287/323
f 293/257/293 325/289/325 324/288/324
f 294/258/294 326/290/326 325/289/325
f 296/260/296 326/290/326 295/259/295
f 296/260/296 328/291/328 327/292/327
f 298/261/298 328/291/328 297/262/297
f 299/263/299 329/293/329 298/261/298
f 299/263/299 331/294/331 330/295/330
f 301/264/301 331/294/331 300/265/300
f 302/266/302 332/296/332 301/264/301
f 303/267/303 333/297/333 302/266/302
f 304/268/304 334/298/334 303/267/303
f 305/269/305 335/299/335 304/268/304
f 306/270/306 336/300/336 305/269/305
f 306/270/306 338/301/338 337/302/337
f 308/272/308 338/301/338 307/271/307
f 309/273/309 339/303/339 308/272/308
f 310/275/310 340/304/340 309/273/309
f 311/274/311 341/305/341 310/275/310
f 312/306/312 342/307/342 311/274/311
f 314/279/314 344/308/344 313/277/313
f 314/279/314 346/309/346 345/310/345
f 316/280/316 346/309/346 315/278/315
f 317/281/317 347/311/347 316/280/316
f 317/281/317 349/312/349 348/313/348
f 318/282/318 350/314/350 349/312/349
f 319/284/319 351/315/351 350/314/350
f 320/283/320 352/316/352 351/315/351
f 322/286/322 352/316/352 321/285/321
f 323/287/323 353/317/353 322/286/322
f 323/287/323 355/318/355 354/319/354
f 325/289/325 355/318/355 324/288/324
f 326/290/326 356/320/356 325/289/325
f 326/290/326 358/321/358 357/322/357
f 327/292/327 359/323/359 358/321/358
f 329/293/329 359/323/359 328/291/328
f 329/293/329 361/324/361 360/325/360
f 330/295/330 362/326/362 361/324/361
f 331/294/331 363/327/363 362/326/362
f 332/296/332 364/328/364 363/327/363
f 333/297/333 365/329/365 364/328/364
f 334/298/334 366/330/366 365/329/365
f 335/299/335 367/331/367 366/330/366
f 336/300/336 368/332/368 367/331/367
f 338/301/338 368/332/368 337/302/337
f 339/303/339 369/333/369 338/301/338
f 339/303/339 371/334/371 370/335/370
f 341/305/341 371/334/371 340/304/340
f 341/305/341 373/336/373 372/337/372
f 342/307/342 374/338/374 373/336/373
f 345/310/345 375/339/375 344/308/344
f 346/309/346 376/340/376 345/310/345
f 347/311/347 377/341/377 346/309/346
f 347/311/347 379/342/379 378/343/378
f 349/312/349 379/342/379 348/313/348
f 350/314/350 380/344/380 349/312/349
f 351/315/351 381/345/381 350/314/350
f 351/315/351 383/346/383 382/347/382
f 353/317/353 383/346/383 352/316/352
f 354/319/354 384/348/384 353/317/353
f 354/319/354 386/349/386 385/350/385
f 355/318/355 387/351/387 386/349/386
f 356/320/356 388/352/388 387/351/387
f 358/321/358 388/352/388 357/322/357
f 358/321/358 390/353/390 389/354/389
f 360/325/360 390/353/390 359/323/359
f 361/324/361 391/355/391 360/325/360
f 361/324/361 393/356/393 392/357/392
f 362/326/362 394/358/394 393/356/393
f 364/328/364 394/358/394 363/327/363
f 365/329/365 395/359/395 364/328/364
f 366/330/366 396/360/396 365/329/365
f 366/330/366 398/361/398 397/362/397
f 367/331/367 399/363/399 398/361/398
f 368/332/368 400/364/400 399/363/399
f 369/333/369 401/365/401 400/364/400
f 370/335/370 402/366/402 401/365/401
f 372/337/372 402/366/402 371/334/371
f 372/337/372 404/367/404 403/368/403
f 373/336/373 405/369/405 404/367/404
f 375/339/375 407/370/407 406/371/406
f 376/340/376 408/372/408 407/370/407
f 378/343/378 408/372/408 377/341/377
f 378/343/378 410/373/410 409/374/409
f 379/342/379 411/375/411 410/373/410
f 380/344/380 412/376/412 411/375/411
f 381/345/381 413/377/413 412/376/412
f 383/346/383 413/377/413 382/347/382
f 383/346/383 415/378/415 414/379/414
f 384/348/384 416/380/416 415/378/415
f 386/349/386 416/380/416 385/350/385
f 387/351/387 417/381/417 386/349/386
f 387/351/387 419/382/419 418/383/418
f 389/354/389 419/382/419 388/352/388
f 390/353/390 420/384/420 389/354/389
f 390/353/390 422/385/422 421/386/421
f 392/357/392 422/385/422 391/355/391
f 393/356/393 423/387/423 392/357/392
f 393/356/393 425/388/425 424/389/424
f 394/358/394 426/390/426 425/388/425
f 395/359/395 427/391/427 426/390/426
f 397/362/397 427/391/427 396/360/396
f 397/362/397 429/392/429 428/393/428
f 399/363/399 429/392/429 398/361/398
f 400/364/400 430/394/430 399/363/399
f 401/365/401 431/395/431 400/364/400
f 402/366/402 432/396/432 401/365/401
f 402/366/402 434/397/434 433/398/433
f 404/367/404 434/397/434 403/368/403
f 405/369/405 435/399/435 404/367/404
f 407/370/407 437/400/437 406/371/406
f 407/370/407 439/401/439 438/402/438
f 408/372/408 440/403/440 439/401/439
f 410/373/410 440/403/440 409/374/409
f 411/375/411 441/404/441 410/373/410
f 411/375/411 443/405/443 442/406/442
f 413/377/413 443/405/443 412/376/412
f 413/377/413 445/407/445 444/408/444
f 414/379/414 446/409/446 445/407/445
f 416/380/416 446/409/446 415/378/415
f 416/380/416 448/410/448 447/411/447
f 417/381/417 449/412/449 448/410/448
f 418/383/418 450/413/450 449/412/449
f 419/382/419 451/414/451 450/413/450
f 420/384/420 452/415/452 451/414/451
f 422/385/422 452/415/452 421/386/421
f 422/385/422 454/416/454 453/417/453
f 423/387/423 455/418/455 454/416/454
f 424/389/424 456/419/456 455/418/455
f 426/390/426 456/419/456 425/388/425
f 426/390/426 458/420/458 457/421/457
f 428/393/428 458/420/458 427/391/427
f 429/392/429 459/422/459 428/393/428
f 430/394/430 460/423/460 429/392/429
f 431/395/431 461/424/461 430/394/430
f 431/395/431 463/425/463 462/426/462
f 432/396/432 464/427/464 463/425/463
f 434/397/434 464/427/464 433/398/433
f 435/399/435 465/428/465 434/397/434
f 435/399/435 467/429/467 466/430/466
f 437/400/437 469/431/469 468/432/468
f 439/401/439 469/431/469 438/402/438
f 440/403/440 470/433/470 439/401/439
f 441/404/441 471/434/471 440/403/440
f 442/406/442 472/435/472 441/404/441
f 443/405/443 473/436/473 442/406/442
f 443/405/443 475/437/475 474/438/474
f 445/407/445 475/437/475 444/408/444
f 445/407/445 477/439/477 476/440/476
f 446/409/446 478/441/478 477/439/477
f 448/410/448 478/441/478 447/411/447
f 449/412/449 479/442/479 448/410/448
f 450/413/450 480/443/480 449/412/449
f 451/414/451 481/444/481 450/413/450
f 451/414/451 483/445/483 482/446/482
f 453/417/453 483/445/483 452/415/452
f 453/417/453 485/447/485 484/448/484
f 455/418/455 485/447/485 454/416/454
f 456/419/456 486/449/486 455/418/455
f 457/421/457 487/450/487 456/419/456
f 458/420/458 488/451/488 457/421/457
f 459/422/459 489/452/489 458/420/458
f 459/422/459 491/453/491 490/454/490
f 460/423/460 492/455/492 491/453/491
f 462/426/462 492/455/492 461/424/461
f 463/425/463 493/456/493 462/426/462
f 463/425/463 495/457/495 494/458/494
f 464/427/464 496/459/496 495/457/495
f 465/428/465 497/460/497 496/459/496
f 467/429/467 497/460/497 466/430/466
f 468/432/468 500/461/500 499/462/499
f 469/431/469 501/463/501 500/461/500
f 470/433/470 502/464/502 501/463/501
f 471/434/471 503/465/503 502/464/502
f 472/435/472 504/466/504 503/465/503
f 473/436/473 505/467/505 504/466/504
f 475/437/475 505/467/505 474/438/474
f 475/437/475 507/468/507 506/469/506
f 476/440/476 508/470/508 507/468/507
f 478/441/478 508/470/508 477/439/477
f 479/442/479 509/471/509 478/441/478
f 480/443/480 510/472/510 479/442/479
f 480/443/480 512/473/512 511/474/511
f 482/446/482 512/473/512 481/444/481
f 483/445/483 513/475/513 482/446/482
f 483/445/483 515/476/515 514/477/514
f 485/447/485 515/476/515 484/448/484
f 486/449/486 516/478/516 485/447/485
f 487/450/487 517/479/517 486/449/486
f 487/450/487 519/480/519 518/481/518
f 489/452/489 519/480/519 488/451/488
f 490/454/490 520/482/520 489/452/489
f 491/453/491 521/483/521 490/454/490
f 492/455/492 522/484/522 491/453/491
f 493/456/493 523/485/523 492/455/492
f 493/456/493 525/486/525 524/487/524
f 495/457/495 525/486/525 494/458/494
f 496/459/496 526/488/526 495/457/495
f 497/460/497 527/489/527 496/459/496
f 498/490/498 528/491/528 497/460/497
f 500/461/500 530/492/530 499/462/499
f 501/463/501 531/493/531 500/461/500
f 502/464/502 532/494/532 501/463/501
f 503/465/503 533/495/533 502/464/502
f 504/466/504 534/496/534 503/465/503
f 505/467/505 535/497/535 504/466/504
f 506/469/506 536/498/536 505/467/505
f 507/468/507 537/499/537 506/469/506
f 508/470/508 538/500/538 507/468/507
f 509/471/509 539/501/539 508/470/508
f 510/472/510 540/502/540 509/471/509
f 511/474/511 541/503/541 510/472/510
f 512/473/512 542/504/542 511/474/511
f 513/475/513 543/505/543 512/473/512
f 513/475/513 545/506/545 544/507/544
f 515/476/515 545/506/545 514/477/514
f 516/478/516 546/508/546 515/476/515
f 516/478/516 548/509/548 547/510/547
f 517/479/517 549/511/549 548/509/548
f 518/481/518 550/512/550 549/511/549
f 519/480/519 551/513/551 550/512/550
f 520/482/520 552/514/552 551/513/551
f 522/484/522 552/514/552 521/483/521
f 522/484/522 554/515/554 553/516/553
f 523/485/523 555/517/555 554/515/554
f 525/486/525 555/517/555 524/487/524
f 525/486/525 557/518/557 556/519/556
f 526/488/526 558/520/558 557/518/557
f 527/489/527 559/521/559 558/520/558
f 529/522/529 559/521/559 528/491/528
f 531/493/531 561/523/561 530/492/530
f 532/494/532 562/524/562 531/493/531
f 532/494/532 564/525/564 563/526/563
f 533/495/533 565/527/565 564/525/564
f 534/496/534 566/528/566 565/527/565
f 536/498/536 566/528/566 535/497/535
f 536/498/536 568/529/568 567/530/567
f 538/500/538 568/529/568 537/499/537
f 539/501/539 569/531/569 538/500/538
f 540/502/540 570/532/570 539/501/539
f 541/503/541 571/533/571 540/502/540
f 541/503/541 573/534/573 572/535/572
f 542/504/542 574/536/574 573/534/573
f 543/505/543 575/537/575 574/536/574
f 544/507/544 576/538/576 575/537/575
f 546/508/546 576/538/576 545/506/545
f 547/510/547 577/539/577 546/508/546
f 548/509/548 578/540/578 547/510/547
f 549/511/549 579/541/579 548/509/548
f 550/512/550 580/542/580 549/511/549
f 550/512/550 582/543/582 581/544/581
f 551/513/551 583/545/583 582/543/582
f 552/514/552 584/546/584 583/545/583
f 554/515/554 584/546/584 553/516/553
f 555/517/555 585/547/585 554/515/554
f 556/519/556 586/548/586 555/517/555
f 557/518/557 587/549/587 556/519/556
f 558/520/558 588/550/588 557/518/557
f 558/520/558 590/551/590 589/552/589
f 559/521/559 591/553/591 590/551/590
f 561/523/561 593/554/593 592/555/592
f 562/524/562 594/556/594 593/554/593
f 564/525/564 594/556/594 563/526/563
f 564/525/564 596/557/596 595/558/595
f 565/527/565 597/559/597 596/557/596
f 567/530/567 597/559/597 566/528/566
f 567/530/567 599/560/599 598/561/598
f 568/529/568 600/562/600 599/560/599
f 569/531/569 601/563/601 600/562/600
f 570/532/570 602/564/602 601/563/601
f 572/535/572 602/564/602 571/533/571
f 573/534/573 603/565/603 572/535/572
f 573/534/573 605/566/605 604/567/604
f 575/537/575 605/566/605 574/536/574
f 576/538/576 606/568/606 575/537/575
f 576/538/576 608/569/608 607/570/607
f 577/539/577 609/571/609 608/569/608
f 578/540/578 610/572/610 609/571/609
f 580/542/580 610/572/610 579/541/579
f 580/542/580 612/573/612 611/574/611
f 581/544/581 613/575/613 612/573/612
f 583/545/583 613/575/613 582/543/582
f 584/546/584 614/576/614 583/545/583
f 585/547/585 615/577/615 584/546/584
f 585/547/585 617/578/617 616/579/616
f 586/548/586 618/580/618 617/578/617
f 587/549/587 619/581/619 618/580/618
f 588/550/588 620/582/620 619/581/619
f 589/552/589 621/583/621 620/582/620
f 591/553/591 621/583/621 590/551/590
f 593/554/593 623/584/623 592/555/592
f 594/556/594 624/585/624 593/554/593
f 595/558/595 625/586/625 594/556/594
f 596/557/596 626/587/626 595/558/595
f 597/559/597 627/588/627 596/557/596
f 598/561/598 628/589/628 597/559/597
f 599/560/599 629/590/629 598/561/598
f 600/562/600 630/591/630 599/560/599
f 601/563/601 631/592/631 600/562/600
f 602/564/602 632/593/632 601/563/601
f 602/564/602 634/594/634 633/595/633
f 603/565/603 635/596/635 634/594/634
f 605/566/605 635/596/635 604/567/604
f 605/566/605 637/597/637 636/598/636
f 606/568/606 638/599/638 637/597/637
f 608/569/608 638/599/638 607/570/607
f 609/571/609 639/600/639 608/569/608
f 609/571/609 641/601/641 640/602/640
f 610/572/610 642/603/642 641/601/641
f 611/574/611 643/604/643 642/603/642
f 613/575/613 643/604/643 612/573/612
f 613/575/613 645/605/645 644/606/644
f 615/577/615 645/605/645 614/576/614
f 615/577/615 647/607/647 646/608/646
f 617/578/617 647/607/647 616/579/616
f 618/580/618 648/609/648 617/578/617
f 618/580/618 650/610/650 649/611/649
f 619/581/619 651/612/651 650/610/650
f 621/583/621 651/612/651 620/582/620
f 621/583/621 653/613/653 652/614/652
f 623/584/623 655/615/655 654/616/654
f 624/585/624 656/617/656 655/615/655
f 625/586/625 657/618/657 656/617/656
f 627/588/627 657/618/657 626/587/626
f 627/588/627 659/619/659 658/620/658
f 628/589/628 660/621/660 659/619/659
f 629/590/629 661/622/661 660/621/660
f 631/592/631 661/622/661 630/591/630
f 632/593/632 662/623/662 631/592/631
f 633/595/633 663/624/663 632/593/632
f 634/594/634 664/625/664 633/595/633
f 635/596/635 665/626/665 634/594/634
f 635/596/635 667/627/667 666/628/666
f 636/598/636 668/629/668 667/627/667
f 637/597/637 669/630/669 668/629/668
f 638/599/638 670/631/670 669/630/669
f 640/602/640 670/631/670 639/600/639
f 641/601/641 671/632/671 640/602/640
f 642/603/642 672/633/672 641/601/641
f 643/604/643 673/634/673 642/603/642
f 643/604/643 675/635/675 674/636/674
f 644/606/644 676/637/676 675/635/675
f 646/608/646 676/637/676 645/605/645
f 647/607/647 677/638/677 646/608/646
f 648/609/648 678/639/678 647/607/647
f 649/611/649 679/640/679 648/609/648
f 649/611/649 681/641/681 680/642/680
f 650/610/650 682/643/682 681/641/681
f 652/614/652 682/643/682 651/612/651
f 652/614/652 684/644/684 683/645/683
f 654/616/654 686/646/686 685/647/685
f 656/617/656 686/646/686 655/615/655
f 657/618/657 687/648/687 656/617/656
f 657/618/657 689/649/689 688/650/688
f 658/620/658 690/651/690 689/649/689
f 660/621/660 690/651/690 659/619/659
f 660/621/660 692/652/692 691/653/691
f 662/623/662 692/652/692 661/622/661
f 662/623/662 694/654/694 693/655/693
f 664/625/664 694/654/694 663/624/663
f 665/626/665 695/656/695 664/625/664
f 665/626/665 697/657/697 696/658/696
f 667/627/667 697/657/697 666/628/666
f 668/629/668 698/659/698 667/627/667
f 669/630/669 699/660/699 668/629/668
f 669/630/669 701/661/701 700/662/700
f 670/631/670 702/663/702 701/661/701
f 671/632/671 703/664/703 702/663/702
f 673/634/673 703/664/703 672/633/672
f 674/636/674 704/665/704 673/634/673
f 675/635/675 705/666/705 674/636/674
f 676/637/676 706/667/706 675/635/675
f 677/638/677 707/668/707 676/637/676
f 678/639/678 708/669/708 677/638/677
f 678/639/678 710/670/710 709/671/709
f 680/642/680 710/670/710 679/640/679
f 681/641/681 711/672/711 680/642/680
f 681/641/681 713/673/713 712/674/712
f 683/645/683 713/673/713 682/643/682
f 684/644/684 714/675/714 683/645/683
f 685/647/685 717/676/717 716/677/716
f 686/646/686 718/678/718 717/676/717
f 688/650/688 718/678/718 687/648/687
f 689/649/689 719/679/719 688/650/688
f 690/651/690 720/680/720 689/649/689
f 690/651/690 722/681/722 721/682/721
f 692/652/692 722/681/722 691/653/691
f 692/652/692 724/683/724 723/684/723
f 693/655/693 725/685/725 724/683/724
f 694/654/694 726/686/726 725/685/725
f 695/656/695 727/687/727 726/686/726
f 696/658/696 728/688/728 727/687/727
f 697/657/697 729/689/729 728/688/728
f 698/659/698 730/690/730 729/689/729
f 700/662/700 730/690/730 699/660/699
f 701/661/701 731/691/731 700/662/700
f 702/663/702 732/692/732 701/661/701
f 703/664/703 733/693/733 702/663/702
f 703/664/703 735/694/735 734/695/734
f 705/666/705 735/694/735 704/665/704
f 705/666/705 737/696/737 736/697/736
f 706/667/706 738/698/738 737/696/737
f 707/668/707 739/699/739 738/698/738
f 708/669/708 740/700/740 739/699/739
f 709/671/709 741/701/741 740/700/740
f 710/670/710 742/702/742 741/701/741
f 712/674/712 742/702/742 711/672/711
f 713/673/713 743/703/743 712/674/712
f 714/675/714 744/704/744 713/673/713
f 714/675/714 746/705/746 745/706/745
f 716/677/716 748/707/748 747/708/747
f 718/678/718 748/707/748 717/676/717
f 718/678/718 750/709/750 749/710/749
f 720/680/720 750/709/750 719/679/719
f 721/682/721 751/711/751 720/680/720
f 721/682/721 753/712/753 752/713/752
f 723/684/723 753/712/753 722/681/722
f 724/683/724 754/714/754 723/684/723
f 725/685/725 755/715/755 724/683/724
f 726/686/726 756/716/756 725/685/725
f 727/687/727 757/717/757 726/686/726
f 728/688/728 758/718/758 727/687/727
f 729/689/729 759/719/759 728/688/728
f 729/689/729 761/720/761 760/721/760
f 730/690/730 762/722/762 761/720/761
f 731/691/731 763/723/763 762/722/762
f 733/693/733 763/723/763 732/692/732
f 733/693/733 765/724/765 764/725/764
f 735/694/735 765/724/765 734/695/734
f 736/697/736 766/726/766 735/694/735
f 736/697/736 768/727/768 767/728/767
f 737/696/737 769/729/769 768/727/768
f 738/698/738 770/730/770 769/729/769
f 739/699/739 771/731/771 770/730/770
f 741/701/741 771/731/771 740/700/740
f 741/701/741 773/732/773 772/733/772
f 742/702/742 774/734/774 773/732/773
f 744/704/744 774/734/774 743/703/743
f 744/704/744 776/735/776 775/736/775
f 745/706/745 777/737/777 776/735/776
f 747/708/747 779/738/779 778/739/778
f 749/710/749 779/738/779 748/707/748
f 749/710/749 781/740/781 780/741/780
f 751/711/751 781/740/781 750/709/750
f 752/713/752 782/742/782 751/711/751
f 752/713/752 784/743/784 783/744/783
f 754/714/754 784/743/784 753/712/753
f 755/715/755 785/745/785 754/714/754
f 755/715/755 787/746/787 786/747/786
f 756/716/756 788/748/788 787/746/787
f 757/717/757 789/749/789 788/748/788
f 758/718/758 790/750/790 789/749/789
f 760/721/760 790/750/790 759/719/759
f 760/721/760 792/751/792 791/752/791
f 762/722/762 792/751/792 761/720/761
f 762/722/762 794/753/794 793/754/793
f 764/725/764 794/753/794 763/723/763
f 765/724/765 795/755/795 764/725/764
f 766/726/766 796/756/796 765/724/765
f 767/728/767 797/757/797 766/726/766
f 768/727/768 798/758/798 767/728/767
f 768/727/768 800/759/800 799/760/799
f 770/730/770 800/759/800 769/729/769
f 771/731/771 801/761/801 770/730/770
f 771/731/771 803/762/803 802/763/802
f 773/732/773 803/762/803 772/733/772
f 774/734/774 804/764/804 773/732/773
f 775/736/775 805/765/805 774/734/774
f 776/735/776 806/766/806 775/736/775
f 776/735/776 808/767/808 807/768/807
f 779/738/779 809/769/809 778/739/778
f 780/741/780 810/770/810 779/738/779
f 781/740/781 811/771/811 780/741/780
f 782/742/782 812/772/812 781/740/781
f 783/744/783 813/773/813 782/742/782
f 784/743/784 814/774/814 783/744/783
f 785/745/785 815/775/815 784/743/784
f 785/745/785 817/776/817 816/777/816
f 786/747/786 818/778/818 817/776/817
f 788/748/788 818/778/818 787/746/787
f 789/749/789 819/779/819 788/748/788
f 789/749/789 821/780/821 820/781/820
f 790/750/790 822/782/822 821/780/821
f 791/752/791 823/783/823 822/782/822
f 793/754/793 823/783/823 792/751/792
f 793/754/793 825/784/825 824/785/824
f 794/753/794 826/786/826 825/784/825
f 796/756/796 826/786/826 795/755/795
f 796/756/796 828/787/828 827/788/827
f 797/757/797 829/789/829 828/787/828
f 799/760/799 829/789/829 798/758/798
f 800/759/800 830/790/830 799/760/799
f 800/759/800 832/791/832 831/792/831
f 802/763/802 832/791/832 801/761/801
f 802/763/802 834/793/834 833/794/833
f 803/762/803 835/795/835 834/793/834
f 804/764/804 836/796/836 835/795/835
f 805/765/805 837/797/837 836/796/836
f 806/766/806 838/798/838 837/797/837
f 808/767/808 838/798/838 807/768/807
f 809/769/809 841/799/841 840/800/840
f 810/770/810 842/801/842 841/799/841
f 812/772/812 842/801/842 811/771/811
f 813/773/813 843/802/843 812/772/812
f 813/773/813 845/803/845 844/804/844
f 815/775/815 845/803/845 814/774/814
f 816/777/816 846/805/846 815/775/815
f 817/776/817 847/806/847 816/777/816
f 817/776/817 849/807/849 848/808/848
f 819/779/819 849/807/849 818/778/818
f 820/781/820 850/809/850 819/779/819
f 821/780/821 851/810/851 820/781/820
f 821/780/821 853/811/853 852/812/852
f 822/782/822 854/813/854 853/811/853
f 823/783/823 855/814/855 854/813/854
f 824/785/824 856/815/856 855/814/855
f 826/786/826 856/815/856 825/784/825
f 827/788/827 857/816/857 826/786/826
f 828/787/828 858/817/858 827/788/827
f 829/789/829 859/818/859 828/787/828
f 830/790/830 860/819/860 829/789/829
f 830/790/830 862/820/862 861/821/861
f 831/792/831 863/822/863 862/820/862
f 833/794/833 863/822/863 832/791/832
f 833/794/833 865/823/865 864/824/864
f 834/793/834 866/825/866 865/823/865
f 835/795/835 867/826/867 866/825/866
f 836/796/836 868/827/868 867/826/867
f 838/798/838 868/827/868 837/797/837
f 838/798/838 870/828/870 869/829/869
f 840/800/840 872/830/872 871/831/871
f 842/801/842 872/830/872 841/799/841
f 842/801/842 874/832/874 873/833/873
f 843/802/843 875/834/875 874/832/874
f 845/803/845 875/834/875 844/804/844
f 845/803/845 877/835/877 876/836/876
f 846/805/846 878/837/878 877/835/877
f 848/808/848 878/837/878 847/806/847
f 848/808/848 880/838/880 879/839/879
f 849/807/849 881/840/881 880/838/880
f 850/809/850 882/841/882 881/840/881
f 852/812/852 882/841/882 851/810/851
f 852/812/852 884/842/884 883/843/883
f 853/811/853 885/844/885 884/842/884
f 854/813/854 886/845/886 885/844/885
f 855/814/855 887/846/887 886/845/886
f 857/816/857 887/846/887 856/815/856
f 858/817/858 888/847/888 857/816/857
f 859/818/859 889/848/889 858/817/858
f 860/819/860 890/849/890 859/818/859
f 861/821/861 891/850/891 860/819/860
f 861/821/861 893/851/893 892/852/892
f 862/820/862 894/853/894 893/851/893
f 864/824/864 894/853/894 863/822/863
f 865/823/865 895/854/895 864/824/864
f 865/823/865 897/855/897 896/856/896
f 866/825/866 898/857/898 897/855/897
f 868/827/868 898/857/898 867/826/867
f 869/829/869 899/858/899 868/827/868
f 869/829/869 901/859/901 900/860/900
f 871/831/871 903/861/903 902/862/902
f 873/833/873 903/861/903 872/830/872
f 873/833/873 905/863/905 904/864/904
f 874/832/874 906/865/906 905/863/905
f 876/836/876 906/865/906 875/834/875
f 877/835/877 907/866/907 876/836/876
f 877/835/877 909/867/909 908/868/908
f 878/837/878 910/869/910 909/867/909
f 880/838/880 910/869/910 879/839/879
f 881/840/881 911/870/911 880/838/880
f 881/840/881 913/871/913 912/872/912
f 883/843/883 913/871/913 882/841/882
f 883/843/883 915/873/915 914/874/914
f 885/844/885 915/873/915 884/842/884
f 886/845/886 916/875/916 885/844/885
f 886/845/886 918/876/918 917/877/917
f 888/847/888 918/876/918 887/846/887
f 888/847/888 920/878/920 919/879/919
f 889/848/889 921/880/921 920/878/920
f 891/850/891 921/880/921 890/849/890
f 891/850/891 923/881/923 922/882/922
f 893/851/893 923/881/923 892/852/892
f 893/851/893 925/883/925 924/884/924
f 895/854/895 925/883/925 894/853/894
f 895/854/895 927/885/927 926/886/926
f 897/855/897 927/885/927 896/856/896
f 897/855/897 929/887/929 928/888/928
f 899/858/899 929/887/929 898/857/898
f 900/860/900 930/889/930 899/858/899
f 901/859/901 931/890/931 900/860/900
f 902/862/902 934/891/934 933/892/933
f 904/864/904 934/891/934 903/861/903
f 904/864/904 936/893/936 935/894/935
f 906/865/906 936/893/936 905/863/905
f 907/866/907 937/895/937 906/865/906
f 908/868/908 938/896/938 907/866/907
f 908/868/908 940/897/940 939/898/939
f 910/869/910 940/897/940 909/867/909
f 910/869/910 942/899/942 941/900/941
f 912/872/912 942/899/942 911/870/911
f 912/872/912 944/901/944 943/902/943
f 914/874/914 944/901/944 913/871/913
f 914/874/914 946/903/946 945/904/945
f 915/873/915 947/905/947 946/903/946
f 917/877/917 947/905/947 916/875/916
f 917/877/917 949/906/949 948/907/948
f 919/879/919 949/906/949 918/876/918
f 919/879/919 951/908/951 950/909/950
f 920/878/920 952/910/952 951/908/951
f 922/882/922 952/910/952 921/880/921
f 922/882/922 954/911/954 953/912/953
f 924/884/924 954/911/954 923/881/923
f 924/884/924 956/913/956 955/914/955
f 926/886/926 956/913/956 925/883/925
f 926/886/926 958/915/958 957/916/957
f 928/888/928 958/915/958 927/885/927
f 928/888/928 960/917/960 959/918/959
f 930/889/930 960/917/960 929/887/929
f 930/889/930 962/919/962 961/920/961
f 932/921/932 962/919/962 931/890/931
f 933/892/933 965/922/965 964/923/964
f 935/894/935 965/922/965 934/891/934
f 936/893/936 966/924/966 935/894/935
f 936/893/936 968/925/968 967/926/967
f 938/896/938 968/925/968 937/895/937
f 938/896/938 970/927/970 969/928/969
f 940/897/940 970/927/970 939/898/939
f 941/900/941 971/929/971 940/897/940
f 941/900/941 973/930/973 972/931/972
f 942/899/942 974/932/974 973/930/973
f 944/901/944 974/932/974 943/902/943
f 945/904/945 975/933/975 944/901/944
f 945/904/945 977/934/977 976/935/976
f 947/905/947 977/934/977 946/903/946
f 948/907/948 978/936/978 947/905/947
f 948/907/948 980/937/980 979/938/979
f 950/909/950 980/937/980 949/906/949
f 951/908/951 981/939/981 950/909/950
f 951/908/951 983/940/983 982/941/982
f 953/912/953 983/940/983 952/910/952
f 954/911/954 984/942/984 953/912/953
f 955/914/955 985/943/985 954/911/954
f 955/914/955 987/944/987 986/945/986
f 956/913/956 988/946/988 987/944/987
f 957/916/957 989/947/989 988/946/988
f 959/918/959 989/947/989 958/915/958
f 959/918/959 991/948/991 990/949/990
f 961/920/961 991/948/991 960/917/960
f 961/920/961 993/950/993 992/951/992
f 963/952/963 993/950/993 962/919/962
f 997/953/997 1/954/1 996/955/996
f 998/956/998 34/3/34 997/957/997
f 36/7/36 998/958/998 999/959/999
f 1000/960/1000 36/7/36 999/961/999
f 38/11/38 1000/962/1000 1001/963/1001
f 1002/964/1002 38/11/38 1001/965/1001
f 1003/966/1003 39/10/39 1002/967/1002
f 1004/968/1004 40/12/40 1003/969/1003
f 42/18/42 1004/970/1004 1005/971/1005
f 43/21/43 1005/972/1005 1006/973/1006
f 1007/974/1007 43/21/43 1006/975/1006
f 45/25/45 1007/976/1007 1008/977/1008
f 46/24/46 1008/978/1008 1009/979/1009
f 47/26/47 1009/980/1009 1010/981/1010
f 48/31/48 1010/982/1010 1011/983/1011
f 49/30/49 1011/984/1011 1012/985/1012
f 50/35/50 1012/986/1012 1013/987/1013
f 1014/988/1014 50/35/50 1013/989/1013
f 52/39/52 1014/990/1014 1015/991/1015
f 1016/992/1016 52/39/52 1015/993/1015
f 995/994/995 53/38/53 1016/995/1016
f 55/45/55 995/996/995 1017/997/1017
f 1018/998/1018 55/45/55 1017/999/1017
f 57/49/57 1018/1000/1018 1019/1001/1019
f 1020/1002/1020 57/49/57 1019/1003/1019
f 59/52/59 1020/1004/1020 1021/1005/1021
f 60/55/60 1021/1006/1021 1022/1007/1022
f 1023/1008/1023 60/55/60 1022/1009/1022
f 1024/1010/1024 61/54/61 1023/1011/1023
f 1025/1012/1025 62/59/62 1024/1013/1024
f 1026/1014/1026 63/58/63 1025/1015/1025
f 996/1016/996 64/1017/64 1026/1018/1026
f 1/1019/1 95/60/95 64/1017/64
f 95/60/95 30/1020/30 126/91/126
f 126/91/126 2/1021/2 157/153/157
f 157/153/157 29/1022/29 188/184/188
f 188/184/188 3/1023/3 219/1024/219
f 3/1023/3 250/214/250 219/1024/219
f 250/214/250 27/1025/27 281/276/281
f 281/276/281 4/1026/4 312/306/312
f 4/1026/4 343/1027/343 312/306/312
f 343/1027/343 26/1028/26 374/338/374
f 374/338/374 6/1029/6 405/369/405
f 6/1029/6 436/1030/436 405/369/405
f 436/1030/436 7/1031/7 467/429/467
f 7/1031/7 498/490/498 467/429/467
f 8/1032/8 529/522/529 498/490/498
f 24/1033/24 560/1034/560 529/522/529
f 560/1034/560 23/1035/23 591/553/591
f 23/1035/23 622/1036/622 591/553/591
f 622/1036/622 10/1037/10 653/613/653
f 653/613/653 21/1038/21 684/644/684
f 21/1038/21 715/1039/715 684/644/684
f 715/1039/715 19/1040/19 746/705/746
f 746/705/746 18/1041/18 777/737/777
f 777/737/777 17/1042/17 808/767/808
f 17/1042/17 839/1043/839 808/767/808
f 11/1044/11 870/828/870 839/1043/839
f 870/828/870 12/1045/12 901/859/901
f 12/1045/12 932/921/932 901/859/901
f 15/1046/15 963/952/963 932/921/932
f 963/952/963 14/1047/14 994/1048/994
f 994/1048/994 14/1047/14 33/1049/33
f 993/950/993 994/1048/994 33/1050/33
f 992/951/992 993/950/993 33/1051/33
f 991/948/991 992/951/992 33/1052/33
f 990/949/990 991/948/991 33/1053/33
f 989/947/989 990/949/990 33/1054/33
f 988/946/988 989/947/989 33/1055/33
f 987/944/987 988/946/988 33/1056/33
f 986/945/986 987/944/987 33/1057/33
f 985/943/985 986/945/986 33/1058/33
f 984/942/984 985/943/985 33/1059/33
f 983/940/983 984/942/984 33/1060/33
f 982/941/982 983/940/983 33/1061/33
f 981/939/981 982/941/982 33/1062/33
f 980/937/980 981/939/981 33/1063/33
f 979/938/979 980/937/980 33/1064/33
f 978/936/978 979/938/979 33/1065/33
f 977/934/977 978/936/978 33/1066/33
f 976/935/976 977/934/977 33/1067/33
f 975/933/975 976/935/976 33/1068/33
f 974/932/974 975/933/975 33/1069/33
f 973/930/973 974/932/974 33/1070/33
f 972/931/972 973/930/973 33/1071/33
f 971/929/971 972/931/972 33/1072/33
f 970/927/970 971/929/971 33/1073/33
f 969/928/969 970/927/970 33/1074/33
f 968/925/968 969/928/969 33/1075/33
f 967/926/967 968/925/968 33/1076/33
f 966/924/966 967/926/967 33/1077/33
f 965/922/965 966/924/966 33/1078/33
f 964/923/964 965/922/965 33/1079/33
f 14/1080/14 964/923/964 33/1081/33
f 13/1082/13 964/923/964 14/1080/14
f 15/1083/15 933/892/933 13/1082/13
f 12/1084/12 902/862/902 15/1083/15
f 16/1085/16 871/831/871 12/1084/12
f 809/769/809 16/1085/16 11/1086/11
f 778/739/778 11/1086/11 17/1087/17
f 18/1088/18 778/739/778 17/1087/17
f 716/677/716 18/1088/18 19/1089/19
f 20/1090/20 716/677/716 19/1089/19
f 21/1091/21 685/647/685 20/1090/20
f 10/1092/10 654/616/654 21/1091/21
f 592/555/592 10/1092/10 22/1093/22
f 23/1094/23 592/555/592 22/1093/22
f 530/492/530 23/1094/23 9/1095/9
f 499/462/499 9/1095/9 24/1096/24
f 468/432/468 24/1096/24 8/1097/8
f 7/1098/7 468/432/468 8/1097/8
f 25/1099/25 437/400/437 7/1098/7
f 6/1100/6 406/371/406 25/1099/25
f 26/1101/26 375/339/375 6/1100/6
f 313/277/313 26/1101/26 5/1102/5
f 4/1103/4 313/277/313 5/1102/5
f 27/1104/27 282/247/282 4/1103/4
f 28/1105/28 251/217/251 27/1104/27
f 189/155/189 28/1105/28 3/1106/3
f 158/124/158 3/1106/3 29/1107/29
f 127/93/127 29/1107/29 2/1108/2
f 96/62/96 2/1108/2 30/1109/30
f 31/1110/31 96/62/96 30/1109/30
f 1/954/1 65/2/65 31/1110/31
f 1028/1111/996 1026/1018/1026 1058/1112/1026
f 1058/1113/1026 1025/1015/1025 1057/1114/1025
f 1057/1115/1025 1024/1013/1024 1056/1116/1024
f 1056/1117/1024 1023/1011/1023 1055/1118/1023
f 1055/1119/1023 1022/1009/1022 1054/1120/1022
f 1022/1007/1022 1053/1121/1021 1054/1122/1022
f 1021/1005/1021 1052/1123/1020 1053/1124/1021
f 1052/1125/1020 1019/1003/1019 1051/1126/1019
f 1019/1001/1019 1050/1127/1018 1051/1128/1019
f 1050/1129/1018 1017/999/1017 1049/1130/1017
f 1017/997/1017 1027/1131/995 1049/1132/1017
f 1027/1133/995 1016/995/1016 1048/1134/1016
f 1048/1135/1016 1015/993/1015 1047/1136/1015
f 1015/991/1015 1046/1137/1014 1047/1138/1015
f 1046/1139/1014 1013/989/1013 1045/1140/1013
f 1013/987/1013 1044/1141/1012 1045/1142/1013
f 1012/985/1012 1043/1143/1011 1044/1144/1012
f 1011/983/1011 1042/1145/1010 1043/1146/1011
f 1010/981/1010 1041/1147/1009 1042/1148/1010
f 1009/979/1009 1040/1149/1008 1041/1150/1009
f 1008/977/1008 1039/1151/1007 1040/1152/1008
f 1039/1153/1007 1006/975/1006 1038/1154/1006
f 1006/973/1006 1037/1155/1005 1038/1156/1006
f 1005/971/1005 1036/1157/1004 1037/1158/1005
f 1036/1159/1004 1003/969/1003 1035/1160/1003
f 1035/1161/1003 1002/967/1002 1034/1162/1002
f 1034/1163/1002 1001/965/1001 1033/1164/1001
f 1001/963/1001 1032/1165/1000 1033/1166/1001
f 1032/1167/1000 999/961/999 1031/1168/999
f 999/959/999 1030/1169/998 1031/1170/999
f 1030/1171/998 997/957/997 1029/1172/997
f 1029/1173/997 996/955/996 1028/1174/996
f 32/1175/32 1029/1173/997 1028/1174/996
f 32/1176/32 1030/1171/998 1029/1172/997
f 32/1177/32 1031/1170/999 1030/1169/998
f 32/1178/32 1032/1167/1000 1031/1168/999
f 32/1179/32 1033/1166/1001 1032/1165/1000
f 32/1180/32 1034/1163/1002 1033/1164/1001
f 32/1181/32 1035/1161/1003 1034/1162/1002
f 32/1182/32 1036/1159/1004 1035/1160/1003
f 32/1183/32 1037/1158/1005 1036/1157/1004
f 32/1184/32 1038/1156/1006 1037/1155/1005
f 32/1185/32 1039/1153/1007 1038/1154/1006
f 32/1186/32 1040/1152/1008 1039/1151/1007
f 32/1187/32 1041/1150/1009 1040/1149/1008
f 32/1188/32 1042/1148/1010 1041/1147/1009
f 32/1189/32 1043/1146/1011 1042/1145/1010
f 32/1190/32 1044/1144/1012 1043/1143/1011
f 32/1191/32 1045/1142/1013 1044/1141/1012
f 32/1192/32 1046/1139/1014 1045/1140/1013
f 32/1193/32 1047/1138/1015 1046/1137/1014
f 32/1194/32 1048/1135/1016 1047/1136/1015
f 32/1195/32 1027/1133/995 1048/1134/1016
f 32/1196/32 1049/1132/1017 1027/1131/995
f 32/1197/32 1050/1129/1018 1049/1130/1017
f 32/1198/32 1051/1128/1019 1050/1127/1018
f 32/1199/32 1052/1125/1020 1051/1126/1019
f 32/1200/32 1053/1124/1021 1052/1123/1020
f 32/1201/32 1054/1122/1022 1053/1121/1021
f 32/1202/32 1055/1119/1023 1054/1120/1022
f 32/1203/32 1056/1117/1024 1055/1118/1023
f 32/1204/32 1057/1115/1025 1056/1116/1024
f 32/1205/32 1058/1113/1026 1057/1114/1025
f 32/1206/32 1028/1111/996 1058/1112/1026
f 35/1/35 66/5/66 65/2/65
f 35/1/35 36/7/36 67/4/67
f 37/6/37 68/9/68 67/4/67
f 37/6/37 38/11/38 69/8/69
f 39/10/39 70/13/70 69/8/69
f 40/12/40 71/15/71 70/13/70
f 41/14/41 72/17/72 71/15/71
f 41/14/41 42/18/42 73/16/73
f 42/18/42 43/21/43 74/19/74
f 44/20/44 75/23/75 74/19/74
f 44/20/44 45/25/45 76/22/76
f 46/24/46 77/27/77 76/22/76
f 47/26/47 78/29/78 77/27/77
f 47/26/47 48/31/48 79/28/79
f 49/30/49 80/33/80 79/28/79
f 49/30/49 50/35/50 81/32/81
f 51/34/51 82/37/82 81/32/81
f 51/34/51 52/39/52 83/36/83
f 53/38/53 84/41/84 83/36/83
f 54/40/54 85/43/85 84/41/84
f 54/40/54 55/45/55 86/42/86
f 56/44/56 87/47/87 86/42/86
f 56/44/56 57/49/57 88/46/88
f 58/48/58 89/51/89 88/46/88
f 58/48/58 59/52/59 90/50/90
f 59/52/59 60/55/60 91/53/91
f 61/54/61 92/57/92 91/53/91
f 61/54/61 62/59/62 93/56/93
f 63/58/63 94/61/94 93/56/93
f 63/58/63 64/1017/64 95/60/95
f 66/5/66 97/64/97 96/62/96
f 66/5/66 67/4/67 98/63/98
f 67/4/67 68/9/68 99/65/99
f 68/9/68 69/8/69 100/66/100
f 70/13/70 101/68/101 100/66/100
f 70/13/70 71/15/71 102/67/102
f 72/17/72 103/70/103 102/67/102
f 72/17/72 73/16/73 104/69/104
f 73/16/73 74/19/74 105/71/105
f 75/23/75 106/73/106 105/71/105
f 75/23/75 76/22/76 107/72/107
f 77/27/77 108/74/108 107/72/107
f 78/29/78 109/76/109 108/74/108
f 78/29/78 79/28/79 110/75/110
f 80/33/80 111/78/111 110/75/110
f 80/33/80 81/32/81 112/77/112
f 82/37/82 113/80/113 112/77/112
f 82/37/82 83/36/83 114/79/114
f 83/36/83 84/41/84 115/81/115
f 85/43/85 116/83/116 115/81/115
f 85/43/85 86/42/86 117/82/117
f 87/47/87 118/84/118 117/82/117
f 88/46/88 119/86/119 118/84/118
f 88/46/88 89/51/89 120/85/120
f 90/50/90 121/87/121 120/85/120
f 91/53/91 122/88/122 121/87/121
f 92/57/92 123/90/123 122/88/122
f 92/57/92 93/56/93 124/89/124
f 94/61/94 125/92/125 124/89/124
f 94/61/94 95/60/95 126/91/126
f 97/64/97 128/95/128 127/93/127
f 97/64/97 98/63/98 129/94/129
f 99/65/99 130/96/130 129/94/129
f 100/66/100 131/97/131 130/96/130
f 101/68/101 132/99/132 131/97/131
f 101/68/101 102/67/102 133/98/133
f 103/70/103 134/101/134 133/98/133
f 103/70/103 104/69/104 135/100/135
f 104/69/104 105/71/105 136/102/136
f 106/73/106 137/103/137 136/102/136
f 107/72/107 138/104/138 137/103/137
f 108/74/108 139/105/139 138/104/138
f 109/76/109 140/107/140 139/105/139
f 109/76/109 110/75/110 141/106/141
f 111/78/111 142/108/142 141/106/141
f 112/77/112 143/110/143 142/108/142
f 112/77/112 113/80/113 144/109/144
f 114/79/114 145/112/145 144/109/144
f 114/79/114 115/81/115 146/111/146
f 116/83/116 147/114/147 146/111/146
f 116/83/116 117/82/117 148/113/148
f 117/82/117 118/84/118 149/115/149
f 119/86/119 150/117/150 149/115/149
f 119/86/119 120/85/120 151/116/151
f 121/87/121 152/118/152 151/116/151
f 122/88/122 153/120/153 152/118/152
f 122/88/122 123/90/123 154/119/154
f 124/89/124 155/122/155 154/119/154
f 124/89/124 125/92/125 156/121/156
f 126/91/126 157/153/157 156/121/156
f 127/93/127 128/95/128 159/123/159
f 128/95/128 129/94/129 160/125/160
f 129/94/129 130/96/130 161/126/161
f 131/97/131 162/128/162 161/126/161
f 131/97/131 132/99/132 163/127/163
f 133/98/133 164/129/164 163/127/163
f 134/101/134 165/131/165 164/129/164
f 134/101/134 135/100/135 166/130/166
f 136/102/136 167/132/167 166/130/166
f 137/103/137 168/134/168 167/132/167
f 137/103/137 138/104/138 169/133/169
f 139/105/139 170/135/170 169/133/169
f 140/107/140 171/136/171 170/135/170
f 141/106/141 172/137/172 171/136/171
f 142/108/142 173/138/173 172/137/172
f 143/110/143 174/140/174 173/138/173
f 143/110/143 144/109/144 175/139/175
f 144/109/144 145/112/145 176/141/176
f 145/112/145 146/111/146 177/142/177
f 147/114/147 178/143/178 177/142/177
f 148/113/148 179/145/179 178/143/178
f 148/113/148 149/115/149 180/144/180
f 150/117/150 181/147/181 180/144/180
f 150/117/150 151/116/151 182/146/182
f 151/116/151 152/118/152 183/148/183
f 152/118/152 153/120/153 184/149/184
f 153/120/153 154/119/154 185/150/185
f 155/122/155 186/152/186 185/150/185
f 155/122/155 156/121/156 187/151/187
f 157/153/157 188/184/188 187/151/187
f 158/124/158 159/123/159 190/154/190
f 160/125/160 191/157/191 190/154/190
f 160/125/160 161/126/161 192/156/192
f 161/126/161 162/128/162 193/158/193
f 162/128/162 163/127/163 194/159/194
f 163/127/163 164/129/164 195/160/195
f 165/131/165 196/162/196 195/160/195
f 165/131/165 166/130/166 197/161/197
f 166/130/166 167/132/167 198/163/198
f 168/134/168 199/164/199 198/163/198
f 169/133/169 200/165/200 199/164/199
f 170/135/170 201/166/201 200/165/200
f 171/136/171 202/167/202 201/166/201
f 172/137/172 203/168/203 202/167/202
f 173/138/173 204/170/204 203/168/203
f 173/138/173 174/140/174 205/169/205
f 175/139/175 206/171/206 205/169/205
f 176/141/176 207/173/207 206/171/206
f 176/141/176 177/142/177 208/172/208
f 177/142/177 178/143/178 209/174/209
f 179/145/179 210/175/210 209/174/209
f 180/144/180 211/176/211 210/175/210
f 181/147/181 212/178/212 211/176/211
f 181/147/181 182/146/182 213/177/213
f 182/146/182 183/148/183 214/179/214
f 184/149/184 215/181/215 214/179/214
f 184/149/184 185/150/185 216/180/216
f 186/152/186 217/183/217 216/180/216
f 186/152/186 187/151/187 218/182/218
f 188/184/188 219/1024/219 218/182/218
f 190/154/190 221/186/221 220/185/220
f 191/157/191 222/187/222 221/186/221
f 192/156/192 223/189/223 222/187/222
f 192/156/192 193/158/193 224/188/224
f 194/159/194 225/190/225 224/188/224
f 195/160/195 226/191/226 225/190/225
f 196/162/196 227/193/227 226/191/226
f 196/162/196 197/161/197 228/192/228
f 198/163/198 229/195/229 228/192/228
f 198/163/198 199/164/199 230/194/230
f 199/164/199 200/165/200 231/196/231
f 201/166/201 232/197/232 231/196/231
f 202/167/202 233/199/233 232/197/232
f 202/167/202 203/168/203 234/198/234
f 203/168/203 204/170/204 235/200/235
f 205/169/205 236/202/236 235/200/235
f 205/169/205 206/171/206 237/201/237
f 206/171/206 207/173/207 238/203/238
f 207/173/207 208/172/208 239/204/239
f 209/174/209 240/205/240 239/204/239
f 210/175/210 241/207/241 240/205/240
f 210/175/210 211/176/211 242/206/242
f 212/178/212 243/209/243 242/206/242
f 212/178/212 213/177/213 244/208/244
f 214/179/214 245/210/245 244/208/244
f 215/181/215 246/212/246 245/210/245
f 215/181/215 216/180/216 247/211/247
f 217/183/217 248/213/248 247/211/247
f 218/182/218 249/215/249 248/213/248
f 218/182/218 219/1024/219 250/214/250
f 220/185/220 221/186/221 252/216/252
f 221/186/221 222/187/222 253/218/253
f 223/189/223 254/220/254 253/218/253
f 223/189/223 224/188/224 255/219/255
f 224/188/224 225/190/225 256/221/256
f 226/191/226 257/222/257 256/221/256
f 227/193/227 258/224/258 257/222/257
f 227/193/227 228/192/228 259/223/259
f 228/192/228 229/195/229 260/225/260
f 229/195/229 230/194/230 261/226/261
f 231/196/231 262/228/262 261/226/261
f 231/196/231 232/197/232 263/227/263
f 233/199/233 264/230/264 263/227/263
f 233/199/233 234/198/234 265/229/265
f 235/200/235 266/231/266 265/229/265
f 236/202/236 267/233/267 266/231/266
f 236/202/236 237/201/237 268/232/268
f 237/201/237 238/203/238 269/234/269
f 239/204/239 270/236/270 269/234/269
f 239/204/239 240/205/240 271/235/271
f 241/207/241 272/237/272 271/235/271
f 242/206/242 273/239/273 272/237/272
f 242/206/242 243/209/243 274/238/274
f 243/209/243 244/208/244 275/240/275
f 244/208/244 245/210/245 276/241/276
f 245/210/245 246/212/246 277/242/277
f 246/212/246 247/211/247 278/243/278
f 247/211/247 248/213/248 279/244/279
f 248/213/248 249/215/249 280/245/280
f 250/214/250 281/276/281 280/245/280
f 251/217/251 252/216/252 283/246/283
f 253/218/253 284/248/284 283/246/283
f 254/220/254 285/250/285 284/248/284
f 254/220/254 255/219/255 286/249/286
f 255/219/255 256/221/256 287/251/287
f 257/222/257 288/252/288 287/251/287
f 258/224/258 289/253/289 288/252/288
f 259/223/259 290/254/290 289/253/289
f 260/225/260 291/255/291 290/254/290
f 261/226/261 292/256/292 291/255/291
f 262/228/262 293/257/293 292/256/292
f 263/227/263 294/258/294 293/257/293
f 264/230/264 295/259/295 294/258/294
f 265/229/265 296/260/296 295/259/295
f 266/231/266 297/262/297 296/260/296
f 266/231/266 267/233/267 298/261/298
f 268/232/268 299/263/299 298/261/298
f 269/234/269 300/265/300 299/263/299
f 269/234/269 270/236/270 301/264/301
f 270/236/270 271/235/271 302/266/302
f 272/237/272 303/267/303 302/266/302
f 273/239/273 304/268/304 303/267/303
f 274/238/274 305/269/305 304/268/304
f 275/240/275 306/270/306 305/269/305
f 276/241/276 307/271/307 306/270/306
f 277/242/277 308/272/308 307/271/307
f 278/243/278 309/273/309 308/272/308
f 279/244/279 310/275/310 309/273/309
f 279/244/279 280/245/280 311/274/311
f 281/276/281 312/306/312 311/274/311
f 283/246/283 314/279/314 313/277/313
f 283/246/283 284/248/284 315/278/315
f 284/248/284 285/250/285 316/280/316
f 285/250/285 286/249/286 317/281/317
f 286/249/286 287/251/287 318/282/318
f 288/252/288 319/284/319 318/282/318
f 288/252/288 289/253/289 320/283/320
f 289/253/289 290/254/290 321/285/321
f 290/254/290 291/255/291 322/286/322
f 291/255/291 292/256/292 323/287/323
f 292/256/292 293/257/293 324/288/324
f 293/257/293 294/258/294 325/289/325
f 294/258/294 295/259/295 326/290/326
f 296/260/296 327/292/327 326/290/326
f 296/260/296 297/262/297 328/291/328
f 298/261/298 329/293/329 328/291/328
f 299/263/299 330/295/330 329/293/329
f 299/263/299 300/265/300 331/294/331
f 301/264/301 332/296/332 331/294/331
f 302/266/302 333/297/333 332/296/332
f 303/267/303 334/298/334 333/297/333
f 304/268/304 335/299/335 334/298/334
f 305/269/305 336/300/336 335/299/335
f 306/270/306 337/302/337 336/300/336
f 306/270/306 307/271/307 338/301/338
f 308/272/308 339/303/339 338/301/338
f 309/273/309 340/304/340 339/303/339
f 310/275/310 341/305/341 340/304/340
f 311/274/311 342/307/342 341/305/341
f 312/306/312 343/1027/343 342/307/342
f 314/279/314 345/310/345 344/308/344
f 314/279/314 315/278/315 346/309/346
f 316/280/316 347/311/347 346/309/346
f 317/281/317 348/313/348 347/311/347
f 317/281/317 318/282/318 349/312/349
f 318/282/318 319/284/319 350/314/350
f 319/284/319 320/283/320 351/315/351
f 320/283/320 321/285/321 352/316/352
f 322/286/322 353/317/353 352/316/352
f 323/287/323 354/319/354 353/317/353
f 323/287/323 324/288/324 355/318/355
f 325/289/325 356/320/356 355/318/355
f 326/290/326 357/322/357 356/320/356
f 326/290/326 327/292/327 358/321/358
f 327/292/327 328/291/328 359/323/359
f 329/293/329 360/325/360 359/323/359
f 329/293/329 330/295/330 361/324/361
f 330/295/330 331/294/331 362/326/362
f 331/294/331 332/296/332 363/327/363
f 332/296/332 333/297/333 364/328/364
f 333/297/333 334/298/334 365/329/365
f 334/298/334 335/299/335 366/330/366
f 335/299/335 336/300/336 367/331/367
f 336/300/336 337/302/337 368/332/368
f 338/301/338 369/333/369 368/332/368
f 339/303/339 370/335/370 369/333/369
f 339/303/339 340/304/340 371/334/371
f 341/305/341 372/337/372 371/334/371
f 341/305/341 342/307/342 373/336/373
f 342/307/342 343/1027/343 374/338/374
f 345/310/345 376/340/376 375/339/375
f 346/309/346 377/341/377 376/340/376
f 347/311/347 378/343/378 377/341/377
f 347/311/347 348/313/348 379/342/379
f 349/312/349 380/344/380 379/342/379
f 350/314/350 381/345/381 380/344/380
f 351/315/351 382/347/382 381/345/381
f 351/315/351 352/316/352 383/346/383
f 353/317/353 384/348/384 383/346/383
f 354/319/354 385/350/385 384/348/384
f 354/319/354 355/318/355 386/349/386
f 355/318/355 356/320/356 387/351/387
f 356/320/356 357/322/357 388/352/388
f 358/321/358 389/354/389 388/352/388
f 358/321/358 359/323/359 390/353/390
f 360/325/360 391/355/391 390/353/390
f 361/324/361 392/357/392 391/355/391
f 361/324/361 362/326/362 393/356/393
f 362/326/362 363/327/363 394/358/394
f 364/328/364 395/359/395 394/358/394
f 365/329/365 396/360/396 395/359/395
f 366/330/366 397/362/397 396/360/396
f 366/330/366 367/331/367 398/361/398
f 367/331/367 368/332/368 399/363/399
f 368/332/368 369/333/369 400/364/400
f 369/333/369 370/335/370 401/365/401
f 370/335/370 371/334/371 402/366/402
f 372/337/372 403/368/403 402/366/402
f 372/337/372 373/336/373 404/367/404
f 373/336/373 374/338/374 405/369/405
f 375/339/375 376/340/376 407/370/407
f 376/340/376 377/341/377 408/372/408
f 378/343/378 409/374/409 408/372/408
f 378/343/378 379/342/379 410/373/410
f 379/342/379 380/344/380 411/375/411
f 380/344/380 381/345/381 412/376/412
f 381/345/381 382/347/382 413/377/413
f 383/346/383 414/379/414 413/377/413
f 383/346/383 384/348/384 415/378/415
f 384/348/384 385/350/385 416/380/416
f 386/349/386 417/381/417 416/380/416
f 387/351/387 418/383/418 417/381/417
f 387/351/387 388/352/388 419/382/419
f 389/354/389 420/384/420 419/382/419
f 390/353/390 421/386/421 420/384/420
f 390/353/390 391/355/391 422/385/422
f 392/357/392 423/387/423 422/385/422
f 393/356/393 424/389/424 423/387/423
f 393/356/393 394/358/394 425/388/425
f 394/358/394 395/359/395 426/390/426
f 395/359/395 396/360/396 427/391/427
f 397/362/397 428/393/428 427/391/427
f 397/362/397 398/361/398 429/392/429
f 399/363/399 430/394/430 429/392/429
f 400/364/400 431/395/431 430/394/430
f 401/365/401 432/396/432 431/395/431
f 402/366/402 433/398/433 432/396/432
f 402/366/402 403/368/403 434/397/434
f 404/367/404 435/399/435 434/397/434
f 405/369/405 436/1030/436 435/399/435
f 407/370/407 438/402/438 437/400/437
f 407/370/407 408/372/408 439/401/439
f 408/372/408 409/374/409 440/403/440
f 410/373/410 441/404/441 440/403/440
f 411/375/411 442/406/442 441/404/441
f 411/375/411 412/376/412 443/405/443
f 413/377/413 444/408/444 443/405/443
f 413/377/413 414/379/414 445/407/445
f 414/379/414 415/378/415 446/409/446
f 416/380/416 447/411/447 446/409/446
f 416/380/416 417/381/417 448/410/448
f 417/381/417 418/383/418 449/412/449
f 418/383/418 419/382/419 450/413/450
f 419/382/419 420/384/420 451/414/451
f 420/384/420 421/386/421 452/415/452
f 422/385/422 453/417/453 452/415/452
f 422/385/422 423/387/423 454/416/454
f 423/387/423 424/389/424 455/418/455
f 424/389/424 425/388/425 456/419/456
f 426/390/426 457/421/457 456/419/456
f 426/390/426 427/391/427 458/420/458
f 428/393/428 459/422/459 458/420/458
f 429/392/429 460/423/460 459/422/459
f 430/394/430 461/424/461 460/423/460
f 431/395/431 462/426/462 461/424/461
f 431/395/431 432/396/432 463/425/463
f 432/396/432 433/398/433 464/427/464
f 434/397/434 465/428/465 464/427/464
f 435/399/435 466/430/466 465/428/465
f 435/399/435 436/1030/436 467/429/467
f 437/400/437 438/402/438 469/431/469
f 439/401/439 470/433/470 469/431/469
f 440/403/440 471/434/471 470/433/470
f 441/404/441 472/435/472 471/434/471
f 442/406/442 473/436/473 472/435/472
f 443/405/443 474/438/474 473/436/473
f 443/405/443 444/408/444 475/437/475
f 445/407/445 476/440/476 475/437/475
f 445/407/445 446/409/446 477/439/477
f 446/409/446 447/411/447 478/441/478
f 448/410/448 479/442/479 478/441/478
f 449/412/449 480/443/480 479/442/479
f 450/413/450 481/444/481 480/443/480
f 451/414/451 482/446/482 481/444/481
f 451/414/451 452/415/452 483/445/483
f 453/417/453 484/448/484 483/445/483
f 453/417/453 454/416/454 485/447/485
f 455/418/455 486/449/486 485/447/485
f 456/419/456 487/450/487 486/449/486
f 457/421/457 488/451/488 487/450/487
f 458/420/458 489/452/489 488/451/488
f 459/422/459 490/454/490 489/452/489
f 459/422/459 460/423/460 491/453/491
f 460/423/460 461/424/461 492/455/492
f 462/426/462 493/456/493 492/455/492
f 463/425/463 494/458/494 493/456/493
f 463/425/463 464/427/464 495/457/495
f 464/427/464 465/428/465 496/459/496
f 465/428/465 466/430/466 497/460/497
f 467/429/467 498/490/498 497/460/497
f 468/432/468 469/431/469 500/461/500
f 469/431/469 470/433/470 501/463/501
f 470/433/470 471/434/471 502/464/502
f 471/434/471 472/435/472 503/465/503
f 472/435/472 473/436/473 504/466/504
f 473/436/473 474/438/474 505/467/505
f 475/437/475 506/469/506 505/467/505
f 475/437/475 476/440/476 507/468/507
f 476/440/476 477/439/477 508/470/508
f 478/441/478 509/471/509 508/470/508
f 479/442/479 510/472/510 509/471/509
f 480/443/480 511/474/511 510/472/510
f 480/443/480 481/444/481 512/473/512
f 482/446/482 513/475/513 512/473/512
f 483/445/483 514/477/514 513/475/513
f 483/445/483 484/448/484 515/476/515
f 485/447/485 516/478/516 515/476/515
f 486/449/486 517/479/517 516/478/516
f 487/450/487 518/481/518 517/479/517
f 487/450/487 488/451/488 519/480/519
f 489/452/489 520/482/520 519/480/519
f 490/454/490 521/483/521 520/482/520
f 491/453/491 522/484/522 521/483/521
f 492/455/492 523/485/523 522/484/522
f 493/456/493 524/487/524 523/485/523
f 493/456/493 494/458/494 525/486/525
f 495/457/495 526/488/526 525/486/525
f 496/459/496 527/489/527 526/488/526
f 497/460/497 528/491/528 527/489/527
f 498/490/498 529/522/529 528/491/528
f 500/461/500 531/493/531 530/492/530
f 501/463/501 532/494/532 531/493/531
f 502/464/502 533/495/533 532/494/532
f 503/465/503 534/496/534 533/495/533
f 504/466/504 535/497/535 534/496/534
f 505/467/505 536/498/536 535/497/535
f 506/469/506 537/499/537 536/498/536
f 507/468/507 538/500/538 537/499/537
f 508/470/508 539/501/539 538/500/538
f 509/471/509 540/502/540 539/501/539
f 510/472/510 541/503/541 540/502/540
f 511/474/511 542/504/542 541/503/541
f 512/473/512 543/505/543 542/504/542
f 513/475/513 544/507/544 543/505/543
f 513/475/513 514/477/514 545/506/545
f 515/476/515 546/508/546 545/506/545
f 516/478/516 547/510/547 546/508/546
f 516/478/516 517/479/517 548/509/548
f 517/479/517 518/481/518 549/511/549
f 518/481/518 519/480/519 550/512/550
f 519/480/519 520/482/520 551/513/551
f 520/482/520 521/483/521 552/514/552
f 522/484/522 553/516/553 552/514/552
f 522/484/522 523/485/523 554/515/554
f 523/485/523 524/487/524 555/517/555
f 525/486/525 556/519/556 555/517/555
f 525/486/525 526/488/526 557/518/557
f 526/488/526 527/489/527 558/520/558
f 527/489/527 528/491/528 559/521/559
f 529/522/529 560/1034/560 559/521/559
f 531/493/531 562/524/562 561/523/561
f 532/494/532 563/526/563 562/524/562
f 532/494/532 533/495/533 564/525/564
f 533/495/533 534/496/534 565/527/565
f 534/496/534 535/497/535 566/528/566
f 536/498/536 567/530/567 566/528/566
f 536/498/536 537/499/537 568/529/568
f 538/500/538 569/531/569 568/529/568
f 539/501/539 570/532/570 569/531/569
f 540/502/540 571/533/571 570/532/570
f 541/503/541 572/535/572 571/533/571
f 541/503/541 542/504/542 573/534/573
f 542/504/542 543/505/543 574/536/574
f 543/505/543 544/507/544 575/537/575
f 544/507/544 545/506/545 576/538/576
f 546/508/546 577/539/577 576/538/576
f 547/510/547 578/540/578 577/539/577
f 548/509/548 579/541/579 578/540/578
f 549/511/549 580/542/580 579/541/579
f 550/512/550 581/544/581 580/542/580
f 550/512/550 551/513/551 582/543/582
f 551/513/551 552/514/552 583/545/583
f 552/514/552 553/516/553 584/546/584
f 554/515/554 585/547/585 584/546/584
f 555/517/555 586/548/586 585/547/585
f 556/519/556 587/549/587 586/548/586
f 557/518/557 588/550/588 587/549/587
f 558/520/558 589/552/589 588/550/588
f 558/520/558 559/521/559 590/551/590
f 559/521/559 560/1034/560 591/553/591
f 561/523/561 562/524/562 593/554/593
f 562/524/562 563/526/563 594/556/594
f 564/525/564 595/558/595 594/556/594
f 564/525/564 565/527/565 596/557/596
f 565/527/565 566/528/566 597/559/597
f 567/530/567 598/561/598 597/559/597
f 567/530/567 568/529/568 599/560/599
f 568/529/568 569/531/569 600/562/600
f 569/531/569 570/532/570 601/563/601
f 570/532/570 571/533/571 602/564/602
f 572/535/572 603/565/603 602/564/602
f 573/534/573 604/567/604 603/565/603
f 573/534/573 574/536/574 605/566/605
f 575/537/575 606/568/606 605/566/605
f 576/538/576 607/570/607 606/568/606
f 576/538/576 577/539/577 608/569/608
f 577/539/577 578/540/578 609/571/609
f 578/540/578 579/541/579 610/572/610
f 580/542/580 611/574/611 610/572/610
f 580/542/580 581/544/581 612/573/612
f 581/544/581 582/543/582 613/575/613
f 583/545/583 614/576/614 613/575/613
f 584/546/584 615/577/615 614/576/614
f 585/547/585 616/579/616 615/577/615
f 585/547/585 586/548/586 617/578/617
f 586/548/586 587/549/587 618/580/618
f 587/549/587 588/550/588 619/581/619
f 588/550/588 589/552/589 620/582/620
f 589/552/589 590/551/590 621/583/621
f 591/553/591 622/1036/622 621/583/621
f 593/554/593 624/585/624 623/584/623
f 594/556/594 625/586/625 624/585/624
f 595/558/595 626/587/626 625/586/625
f 596/557/596 627/588/627 626/587/626
f 597/559/597 628/589/628 627/588/627
f 598/561/598 629/590/629 628/589/628
f 599/560/599 630/591/630 629/590/629
f 600/562/600 631/592/631 630/591/630
f 601/563/601 632/593/632 631/592/631
f 602/564/602 633/595/633 632/593/632
f 602/564/602 603/565/603 634/594/634
f 603/565/603 604/567/604 635/596/635
f 605/566/605 636/598/636 635/596/635
f 605/566/605 606/568/606 637/597/637
f 606/568/606 607/570/607 638/599/638
f 608/569/608 639/600/639 638/599/638
f 609/571/609 640/602/640 639/600/639
f 609/571/609 610/572/610 641/601/641
f 610/572/610 611/574/611 642/603/642
f 611/574/611 612/573/612 643/604/643
f 613/575/613 644/606/644 643/604/643
f 613/575/613 614/576/614 645/605/645
f 615/577/615 646/608/646 645/605/645
f 615/577/615 616/579/616 647/607/647
f 617/578/617 648/609/648 647/607/647
f 618/580/618 649/611/649 648/609/648
f 618/580/618 619/581/619 650/610/650
f 619/581/619 620/582/620 651/612/651
f 621/583/621 652/614/652 651/612/651
f 621/583/621 622/1036/622 653/613/653
f 623/584/623 624/585/624 655/615/655
f 624/585/624 625/586/625 656/617/656
f 625/586/625 626/587/626 657/618/657
f 627/588/627 658/620/658 657/618/657
f 627/588/627 628/589/628 659/619/659
f 628/589/628 629/590/629 660/621/660
f 629/590/629 630/591/630 661/622/661
f 631/592/631 662/623/662 661/622/661
f 632/593/632 663/624/663 662/623/662
f 633/595/633 664/625/664 663/624/663
f 634/594/634 665/626/665 664/625/664
f 635/596/635 666/628/666 665/626/665
f 635/596/635 636/598/636 667/627/667
f 636/598/636 637/597/637 668/629/668
f 637/597/637 638/599/638 669/630/669
f 638/599/638 639/600/639 670/631/670
f 640/602/640 671/632/671 670/631/670
f 641/601/641 672/633/672 671/632/671
f 642/603/642 673/634/673 672/633/672
f 643/604/643 674/636/674 673/634/673
f 643/604/643 644/606/644 675/635/675
f 644/606/644 645/605/645 676/637/676
f 646/608/646 677/638/677 676/637/676
f 647/607/647 678/639/678 677/638/677
f 648/609/648 679/640/679 678/639/678
f 649/611/649 680/642/680 679/640/679
f 649/611/649 650/610/650 681/641/681
f 650/610/650 651/612/651 682/643/682
f 652/614/652 683/645/683 682/643/682
f 652/614/652 653/613/653 684/644/684
f 654/616/654 655/615/655 686/646/686
f 656/617/656 687/648/687 686/646/686
f 657/618/657 688/650/688 687/648/687
f 657/618/657 658/620/658 689/649/689
f 658/620/658 659/619/659 690/651/690
f 660/621/660 691/653/691 690/651/690
f 660/621/660 661/622/661 692/652/692
f 662/623/662 693/655/693 692/652/692
f 662/623/662 663/624/663 694/654/694
f 664/625/664 695/656/695 694/654/694
f 665/626/665 696/658/696 695/656/695
f 665/626/665 666/628/666 697/657/697
f 667/627/667 698/659/698 697/657/697
f 668/629/668 699/660/699 698/659/698
f 669/630/669 700/662/700 699/660/699
f 669/630/669 670/631/670 701/661/701
f 670/631/670 671/632/671 702/663/702
f 671/632/671 672/633/672 703/664/703
f 673/634/673 704/665/704 703/664/703
f 674/636/674 705/666/705 704/665/704
f 675/635/675 706/667/706 705/666/705
f 676/637/676 707/668/707 706/667/706
f 677/638/677 708/669/708 707/668/707
f 678/639/678 709/671/709 708/669/708
f 678/639/678 679/640/679 710/670/710
f 680/642/680 711/672/711 710/670/710
f 681/641/681 712/674/712 711/672/711
f 681/641/681 682/643/682 713/673/713
f 683/645/683 714/675/714 713/673/713
f 684/644/684 715/1039/715 714/675/714
f 685/647/685 686/646/686 717/676/717
f 686/646/686 687/648/687 718/678/718
f 688/650/688 719/679/719 718/678/718
f 689/649/689 720/680/720 719/679/719
f 690/651/690 721/682/721 720/680/720
f 690/651/690 691/653/691 722/681/722
f 692/652/692 723/684/723 722/681/722
f 692/652/692 693/655/693 724/683/724
f 693/655/693 694/654/694 725/685/725
f 694/654/694 695/656/695 726/686/726
f 695/656/695 696/658/696 727/687/727
f 696/658/696 697/657/697 728/688/728
f 697/657/697 698/659/698 729/689/729
f 698/659/698 699/660/699 730/690/730
f 700/662/700 731/691/731 730/690/730
f 701/661/701 732/692/732 731/691/731
f 702/663/702 733/693/733 732/692/732
f 703/664/703 734/695/734 733/693/733
f 703/664/703 704/665/704 735/694/735
f 705/666/705 736/697/736 735/694/735
f 705/666/705 706/667/706 737/696/737
f 706/667/706 707/668/707 738/698/738
f 707/668/707 708/669/708 739/699/739
f 708/669/708 709/671/709 740/700/740
f 709/671/709 710/670/710 741/701/741
f 710/670/710 711/672/711 742/702/742
f 712/674/712 743/703/743 742/702/742
f 713/673/713 744/704/744 743/703/743
f 714/675/714 745/706/745 744/704/744
f 714/675/714 715/1039/715 746/705/746
f 716/677/716 717/676/717 748/707/748
f 718/678/718 749/710/749 748/707/748
f 718/678/718 719/679/719 750/709/750
f 720/680/720 751/711/751 750/709/750
f 721/682/721 752/713/752 751/711/751
f 721/682/721 722/681/722 753/712/753
f 723/684/723 754/714/754 753/712/753
f 724/683/724 755/715/755 754/714/754
f 725/685/725 756/716/756 755/715/755
f 726/686/726 757/717/757 756/716/756
f 727/687/727 758/718/758 757/717/757
f 728/688/728 759/719/759 758/718/758
f 729/689/729 760/721/760 759/719/759
f 729/689/729 730/690/730 761/720/761
f 730/690/730 731/691/731 762/722/762
f 731/691/731 732/692/732 763/723/763
f 733/693/733 764/725/764 763/723/763
f 733/693/733 734/695/734 765/724/765
f 735/694/735 766/726/766 765/724/765
f 736/697/736 767/728/767 766/726/766
f 736/697/736 737/696/737 768/727/768
f 737/696/737 738/698/738 769/729/769
f 738/698/738 739/699/739 770/730/770
f 739/699/739 740/700/740 771/731/771
f 741/701/741 772/733/772 771/731/771
f 741/701/741 742/702/742 773/732/773
f 742/702/742 743/703/743 774/734/774
f 744/704/744 775/736/775 774/734/774
f 744/704/744 745/706/745 776/735/776
f 745/706/745 746/705/746 777/737/777
f 747/708/747 748/707/748 779/738/779
f 749/710/749 780/741/780 779/738/779
f 749/710/749 750/709/750 781/740/781
f 751/711/751 782/742/782 781/740/781
f 752/713/752 783/744/783 782/742/782
f 752/713/752 753/712/753 784/743/784
f 754/714/754 785/745/785 784/743/784
f 755/715/755 786/747/786 785/745/785
f 755/715/755 756/716/756 787/746/787
f 756/716/756 757/717/757 788/748/788
f 757/717/757 758/718/758 789/749/789
f 758/718/758 759/719/759 790/750/790
f 760/721/760 791/752/791 790/750/790
f 760/721/760 761/720/761 792/751/792
f 762/722/762 793/754/793 792/751/792
f 762/722/762 763/723/763 794/753/794
f 764/725/764 795/755/795 794/753/794
f 765/724/765 796/756/796 795/755/795
f 766/726/766 797/757/797 796/756/796
f 767/728/767 798/758/798 797/757/797
f 768/727/768 799/760/799 798/758/798
f 768/727/768 769/729/769 800/759/800
f 770/730/770 801/761/801 800/759/800
f 771/731/771 802/763/802 801/761/801
f 771/731/771 772/733/772 803/762/803
f 773/732/773 804/764/804 803/762/803
f 774/734/774 805/765/805 804/764/804
f 775/736/775 806/766/806 805/765/805
f 776/735/776 807/768/807 806/766/806
f 776/735/776 777/737/777 808/767/808
f 779/738/779 810/770/810 809/769/809
f 780/741/780 811/771/811 810/770/810
f 781/740/781 812/772/812 811/771/811
f 782/742/782 813/773/813 812/772/812
f 783/744/783 814/774/814 813/773/813
f 784/743/784 815/775/815 814/774/814
f 785/745/785 816/777/816 815/775/815
f 785/745/785 786/747/786 817/776/817
f 786/747/786 787/746/787 818/778/818
f 788/748/788 819/779/819 818/778/818
f 789/749/789 820/781/820 819/779/819
f 789/749/789 790/750/790 821/780/821
f 790/750/790 791/752/791 822/782/822
f 791/752/791 792/751/792 823/783/823
f 793/754/793 824/785/824 823/783/823
f 793/754/793 794/753/794 825/784/825
f 794/753/794 795/755/795 826/786/826
f 796/756/796 827/788/827 826/786/826
f 796/756/796 797/757/797 828/787/828
f 797/757/797 798/758/798 829/789/829
f 799/760/799 830/790/830 829/789/829
f 800/759/800 831/792/831 830/790/830
f 800/759/800 801/761/801 832/791/832
f 802/763/802 833/794/833 832/791/832
f 802/763/802 803/762/803 834/793/834
f 803/762/803 804/764/804 835/795/835
f 804/764/804 805/765/805 836/796/836
f 805/765/805 806/766/806 837/797/837
f 806/766/806 807/768/807 838/798/838
f 808/767/808 839/1043/839 838/798/838
f 809/769/809 810/770/810 841/799/841
f 810/770/810 811/771/811 842/801/842
f 812/772/812 843/802/843 842/801/842
f 813/773/813 844/804/844 843/802/843
f 813/773/813 814/774/814 845/803/845
f 815/775/815 846/805/846 845/803/845
f 816/777/816 847/806/847 846/805/846
f 817/776/817 848/808/848 847/806/847
f 817/776/817 818/778/818 849/807/849
f 819/779/819 850/809/850 849/807/849
f 820/781/820 851/810/851 850/809/850
f 821/780/821 852/812/852 851/810/851
f 821/780/821 822/782/822 853/811/853
f 822/782/822 823/783/823 854/813/854
f 823/783/823 824/785/824 855/814/855
f 824/785/824 825/784/825 856/815/856
f 826/786/826 857/816/857 856/815/856
f 827/788/827 858/817/858 857/816/857
f 828/787/828 859/818/859 858/817/858
f 829/789/829 860/819/860 859/818/859
f 830/790/830 861/821/861 860/819/860
f 830/790/830 831/792/831 862/820/862
f 831/792/831 832/791/832 863/822/863
f 833/794/833 864/824/864 863/822/863
f 833/794/833 834/793/834 865/823/865
f 834/793/834 835/795/835 866/825/866
f 835/795/835 836/796/836 867/826/867
f 836/796/836 837/797/837 868/827/868
f 838/798/838 869/829/869 868/827/868
f 838/798/838 839/1043/839 870/828/870
f 840/800/840 841/799/841 872/830/872
f 842/801/842 873/833/873 872/830/872
f 842/801/842 843/802/843 874/832/874
f 843/802/843 844/804/844 875/834/875
f 845/803/845 876/836/876 875/834/875
f 845/803/845 846/805/846 877/835/877
f 846/805/846 847/806/847 878/837/878
f 848/808/848 879/839/879 878/837/878
f 848/808/848 849/807/849 880/838/880
f 849/807/849 850/809/850 881/840/881
f 850/809/850 851/810/851 882/841/882
f 852/812/852 883/843/883 882/841/882
f 852/812/852 853/811/853 884/842/884
f 853/811/853 854/813/854 885/844/885
f 854/813/854 855/814/855 886/845/886
f 855/814/855 856/815/856 887/846/887
f 857/816/857 888/847/888 887/846/887
f 858/817/858 889/848/889 888/847/888
f 859/818/859 890/849/890 889/848/889
f 860/819/860 891/850/891 890/849/890
f 861/821/861 892/852/892 891/850/891
f 861/821/861 862/820/862 893/851/893
f 862/820/862 863/822/863 894/853/894
f 864/824/864 895/854/895 894/853/894
f 865/823/865 896/856/896 895/854/895
f 865/823/865 866/825/866 897/855/897
f 866/825/866 867/826/867 898/857/898
f 868/827/868 899/858/899 898/857/898
f 869/829/869 900/860/900 899/858/899
f 869/829/869 870/828/870 901/859/901
f 871/831/871 872/830/872 903/861/903
f 873/833/873 904/864/904 903/861/903
f 873/833/873 874/832/874 905/863/905
f 874/832/874 875/834/875 906/865/906
f 876/836/876 907/866/907 906/865/906
f 877/835/877 908/868/908 907/866/907
f 877/835/877 878/837/878 909/867/909
f 878/837/878 879/839/879 910/869/910
f 880/838/880 911/870/911 910/869/910
f 881/840/881 912/872/912 911/870/911
f 881/840/881 882/841/882 913/871/913
f 883/843/883 914/874/914 913/871/913
f 883/843/883 884/842/884 915/873/915
f 885/844/885 916/875/916 915/873/915
f 886/845/886 917/877/917 916/875/916
f 886/845/886 887/846/887 918/876/918
f 888/847/888 919/879/919 918/876/918
f 888/847/888 889/848/889 920/878/920
f 889/848/889 890/849/890 921/880/921
f 891/850/891 922/882/922 921/880/921
f 891/850/891 892/852/892 923/881/923
f 893/851/893 924/884/924 923/881/923
f 893/851/893 894/853/894 925/883/925
f 895/854/895 926/886/926 925/883/925
f 895/854/895 896/856/896 927/885/927
f 897/855/897 928/888/928 927/885/927
f 897/855/897 898/857/898 929/887/929
f 899/858/899 930/889/930 929/887/929
f 900/860/900 931/890/931 930/889/930
f 901/859/901 932/921/932 931/890/931
f 902/862/902 903/861/903 934/891/934
f 904/864/904 935/894/935 934/891/934
f 904/864/904 905/863/905 936/893/936
f 906/865/906 937/895/937 936/893/936
f 907/866/907 938/896/938 937/895/937
f 908/868/908 939/898/939 938/896/938
f 908/868/908 909/867/909 940/897/940
f 910/869/910 941/900/941 940/897/940
f 910/869/910 911/870/911 942/899/942
f 912/872/912 943/902/943 942/899/942
f 912/872/912 913/871/913 944/901/944
f 914/874/914 945/904/945 944/901/944
f 914/874/914 915/873/915 946/903/946
f 915/873/915 916/875/916 947/905/947
f 917/877/917 948/907/948 947/905/947
f 917/877/917 918/876/918 949/906/949
f 919/879/919 950/909/950 949/906/949
f 919/879/919 920/878/920 951/908/951
f 920/878/920 921/880/921 952/910/952
f 922/882/922 953/912/953 952/910/952
f 922/882/922 923/881/923 954/911/954
f 924/884/924 955/914/955 954/911/954
f 924/884/924 925/883/925 956/913/956
f 926/886/926 957/916/957 956/913/956
f 926/886/926 927/885/927 958/915/958
f 928/888/928 959/918/959 958/915/958
f 928/888/928 929/887/929 960/917/960
f 930/889/930 961/920/961 960/917/960
f 930/889/930 931/890/931 962/919/962
f 932/921/932 963/952/963 962/919/962
f 933/892/933 934/891/934 965/922/965
f 935/894/935 966/924/966 965/922/965
f 936/893/936 967/926/967 966/924/966
f 936/893/936 937/895/937 968/925/968
f 938/896/938 969/928/969 968/925/968
f 938/896/938 939/898/939 970/927/970
f 940/897/940 971/929/971 970/927/970
f 941/900/941 972/931/972 971/929/971
f 941/900/941 942/899/942 973/930/973
f 942/899/942 943/902/943 974/932/974
f 944/901/944 975/933/975 974/932/974
f 945/904/945 976/935/976 975/933/975
f 945/904/945 946/903/946 977/934/977
f 947/905/947 978/936/978 977/934/977
f 948/907/948 979/938/979 978/936/978
f 948/907/948 949/906/949 980/937/980
f 950/909/950 981/939/981 980/937/980
f 951/908/951 982/941/982 981/939/981
f 951/908/951 952/910/952 983/940/983
f 953/912/953 984/942/984 983/940/983
f 954/911/954 985/943/985 984/942/984
f 955/914/955 986/945/986 985/943/985
f 955/914/955 956/913/956 987/944/987
f 956/913/956 957/916/957 988/946/988
f 957/916/957 958/915/958 989/947/989
f 959/918/959 990/949/990 989/947/989
f 959/918/959 960/917/960 991/948/991
f 961/920/961 992/951/992 991/948/991
f 961/920/961 962/919/962 993/950/993
f 963/952/963 994/1048/994 993/950/993
f 997/953/997 34/3/34 1/954/1
f 998/956/998 35/1/35 34/3/34
f 36/7/36 35/1/35 998/958/998
f 1000/960/1000 37/6/37 36/7/36
f 38/11/38 37/6/37 1000/962/1000
f 1002/964/1002 39/10/39 38/11/38
f 1003/966/1003 40/12/40 39/10/39
f 1004/968/1004 41/14/41 40/12/40
f 42/18/42 41/14/41 1004/970/1004
f 43/21/43 42/18/42 1005/972/1005
f 1007/974/1007 44/20/44 43/21/43
f 45/25/45 44/20/44 1007/976/1007
f 46/24/46 45/25/45 1008/978/1008
f 47/26/47 46/24/46 1009/980/1009
f 48/31/48 47/26/47 1010/982/1010
f 49/30/49 48/31/48 1011/984/1011
f 50/35/50 49/30/49 1012/986/1012
f 1014/988/1014 51/34/51 50/35/50
f 52/39/52 51/34/51 1014/990/1014
f 1016/992/1016 53/38/53 52/39/52
f 995/994/995 54/40/54 53/38/53
f 55/45/55 54/40/54 995/996/995
f 1018/998/1018 56/44/56 55/45/55
f 57/49/57 56/44/56 1018/1000/1018
f 1020/1002/1020 58/48/58 57/49/57
f 59/52/59 58/48/58 1020/1004/1020
f 60/55/60 59/52/59 1021/1006/1021
f 1023/1008/1023 61/54/61 60/55/60
f 1024/1010/1024 62/59/62 61/54/61
f 1025/1012/1025 63/58/63 62/59/62
f 1026/1014/1026 64/1017/64 63/58/63
f 996/1016/996 1/1019/1 64/1017/64
f 1/1019/1 31/1207/31 95/60/95
f 95/60/95 31/1207/31 30/1020/30
f 126/91/126 30/1020/30 2/1021/2
f 157/153/157 2/1021/2 29/1022/29
f 188/184/188 29/1022/29 3/1023/3
f 3/1023/3 28/1208/28 250/214/250
f 250/214/250 28/1208/28 27/1025/27
f 281/276/281 27/1025/27 4/1026/4
f 4/1026/4 5/1209/5 343/1027/343
f 343/1027/343 5/1209/5 26/1028/26
f 374/338/374 26/1028/26 6/1029/6
f 6/1029/6 25/1210/25 436/1030/436
f 436/1030/436 25/1210/25 7/1031/7
f 7/1031/7 8/1032/8 498/490/498
f 8/1032/8 24/1033/24 529/522/529
f 24/1033/24 9/1211/9 560/1034/560
f 560/1034/560 9/1211/9 23/1035/23
f 23/1035/23 22/1212/22 622/1036/622
f 622/1036/622 22/1212/22 10/1037/10
f 653/613/653 10/1037/10 21/1038/21
f 21/1038/21 20/1213/20 715/1039/715
f 715/1039/715 20/1213/20 19/1040/19
f 746/705/746 19/1040/19 18/1041/18
f 777/737/777 18/1041/18 17/1042/17
f 17/1042/17 11/1044/11 839/1043/839
f 11/1044/11 16/1214/16 870/828/870
f 870/828/870 16/1214/16 12/1045/12
f 12/1045/12 15/1046/15 932/921/932
f 15/1046/15 13/1215/13 963/952/963
f 963/952/963 13/1215/13 14/1047/14
f 13/1082/13 933/892/933 964/923/964
f 15/1083/15 902/862/902 933/892/933
f 12/1084/12 871/831/871 902/862/902
f 16/1085/16 840/800/840 871/831/871
f 809/769/809 840/800/840 16/1085/16
f 778/739/778 809/769/809 11/1086/11
f 18/1088/18 747/708/747 778/739/778
f 716/677/716 747/708/747 18/1088/18
f 20/1090/20 685/647/685 716/677/716
f 21/1091/21 654/616/654 685/647/685
f 10/1092/10 623/584/623 654/616/654
f 592/555/592 623/584/623 10/1092/10
f 23/1094/23 561/523/561 592/555/592
f 530/492/530 561/523/561 23/1094/23
f 499/462/499 530/492/530 9/1095/9
f 468/432/468 499/462/499 24/1096/24
f 7/1098/7 437/400/437 468/432/468
f 25/1099/25 406/371/406 437/400/437
f 6/1100/6 375/339/375 406/371/406
f 26/1101/26 344/308/344 375/339/375
f 313/277/313 344/308/344 26/1101/26
f 4/1103/4 282/247/282 313/277/313
f 27/1104/27 251/217/251 282/247/282
f 28/1105/28 220/185/220 251/217/251
f 189/155/189 220/185/220 28/1105/28
f 158/124/158 189/155/189 3/1106/3
f 127/93/127 158/124/158 29/1107/29
f 96/62/96 127/93/127 2/1108/2
f 31/1110/31 65/2/65 96/62/96
f 1/954/1 34/3/34 65/2/65
f 1028/1111/996 996/1016/996 1026/1018/1026
f 1058/1113/1026 1026/1014/1026 1025/1015/1025
f 1057/1115/1025 1025/1012/1025 1024/1013/1024
f 1056/1117/1024 1024/1010/1024 1023/1011/1023
f 1055/1119/1023 1023/1008/1023 1022/1009/1022
f 1022/1007/1022 1021/1006/1021 1053/1121/1021
f 1021/1005/1021 1020/1004/1020 1052/1123/1020
f 1052/1125/1020 1020/1002/1020 1019/1003/1019
f 1019/1001/1019 1018/1000/1018 1050/1127/1018
f 1050/1129/1018 1018/998/1018 1017/999/1017
f 1017/997/1017 995/996/995 1027/1131/995
f 1027/1133/995 995/994/995 1016/995/1016
f 1048/1135/1016 1016/992/1016 1015/993/1015
f 1015/991/1015 1014/990/1014 1046/1137/1014
f 1046/1139/1014 1014/988/1014 1013/989/1013
f 1013/987/1013 1012/986/1012 1044/1141/1012
f 1012/985/1012 1011/984/1011 1043/1143/1011
f 1011/983/1011 1010/982/1010 1042/1145/1010
f 1010/981/1010 1009/980/1009 1041/1147/1009
f 1009/979/1009 1008/978/1008 1040/1149/1008
f 1008/977/1008 1007/976/1007 1039/1151/1007
f 1039/1153/1007 1007/974/1007 1006/975/1006
f 1006/973/1006 1005/972/1005 1037/1155/1005
f 1005/971/1005 1004/970/1004 1036/1157/1004
f 1036/1159/1004 1004/968/1004 1003/969/1003
f 1035/1161/1003 1003/966/1003 1002/967/1002
f 1034/1163/1002 1002/964/1002 1001/965/1001
f 1001/963/1001 1000/962/1000 1032/1165/1000
f 1032/1167/1000 1000/960/1000 999/961/999
f 999/959/999 998/958/998 1030/1169/998
f 1030/1171/998 998/956/998 997/957/997
f 1029/1173/997 997/953/997 996/955/996
